sell_after,lookback,flag,impulse,ma_period,tp_pct,sl_pct,symbol,buy_time,buy_price,sell_time,sell_price,qty,profit,exit_reason,commission_buy,commission_sell,position_type,strategy,family,r0_direction
0,10,40,2,50,4,10,XRPUSDT,2025-01-13 20:00:00,2.4629,2025-01-14 08:00:00,2.561416,32.4820333752893,3.0368000000000017,TP,0.08,0.0832,LONG,17_flag_long_4H,unknown,uptrend
0,10,40,2,50,4,10,XRPUSDT,2025-01-14 08:00:00,2.5154,2025-01-14 16:00:00,2.616016,31.804086825157032,3.036800000000001,TP,0.08,0.0832,LONG,17_flag_long_4H,unknown,uptrend
0,10,40,2,50,4,10,XRPUSDT,2025-01-14 16:00:00,2.5785,2025-01-14 16:00:00,2.68164,31.02579018809385,3.036800000000007,TP,0.08,0.0832,LONG,17_flag_long_4H,unknown,uptrend
0,10,40,2,50,4,10,ADAUSDT,2025-01-14 16:00:00,0.9814,2025-01-15 00:00:00,1.020656,81.51620134501732,3.0367999999999964,TP,0.08,0.0832,LONG,17_flag_long_4H,unknown,uptrend
0,10,40,2,50,4,10,DOGEUSDT,2025-01-14 16:00:00,0.35289,2025-01-15 12:00:00,0.3670056,226.69953809969115,3.0368000000000013,TP,0.08,0.0832,LONG,17_flag_long_4H,unknown,uptrend
0,10,40,2,50,4,10,HYPEUSDT,2025-01-14 16:00:00,23.206,2025-01-15 12:00:00,24.13424,3.4473842971645263,3.036800000000008,TP,0.08,0.0832,LONG,17_flag_long_4H,unknown,uptrend
0,10,40,2,50,4,10,BTCUSDT,2025-01-14 16:00:00,96424.8,2025-01-15 20:00:00,100281.792,0.0008296620786353,3.036799999999998,TP,0.08,0.0832,LONG,17_flag_long_4H,unknown,uptrend
0,10,40,2,50,4,10,LINKUSDT,2025-01-15 20:00:00,21.597,2025-01-16 08:00:00,22.460880000000003,3.704218178450711,3.036800000000006,TP,0.08,0.0832,LONG,17_flag_long_4H,unknown,uptrend
0,10,40,2,50,4,10,SOLUSDT,2025-01-15 20:00:00,201.813,2025-01-16 08:00:00,209.88552,0.3964065744030365,3.036799999999999,TP,0.08,0.0832,LONG,17_flag_long_4H,unknown,uptrend
0,10,40,2,50,4,10,ADAUSDT,2025-01-15 20:00:00,1.0628,2025-01-16 12:00:00,1.105312,75.27286413248024,3.0368000000000075,TP,0.08,0.0832,LONG,17_flag_long_4H,unknown,uptrend
0,10,40,2,50,4,10,DOGEUSDT,2025-01-15 20:00:00,0.37698,2025-01-17 04:00:00,0.3920592,212.2128494880365,3.036800000000003,TP,0.08,0.0832,LONG,17_flag_long_4H,unknown,uptrend
0,10,40,2,50,4,10,BTCUSDT,2025-01-15 20:00:00,99807.7,2025-01-17 12:00:00,103800.008,0.000801541364043,3.0368000000000035,TP,0.08,0.0832,LONG,17_flag_long_4H,unknown,uptrend
0,10,40,2,50,4,10,ETHUSDT,2025-01-15 20:00:00,3433.75,2025-01-24 04:00:00,3380.22,0.0232981434291954,-1.4059024681470742,SELL_AFTER,0.08,0.0787528503822351,LONG,17_flag_long_4H,unknown,uptrend
0,10,40,2,50,4,10,SUIUSDT,2025-02-12 12:00:00,3.2884,2025-02-12 16:00:00,3.4199360000000003,24.32794063982484,3.036800000000002,TP,0.08,0.0832,LONG,17_flag_long_4H,ranging,uptrend
0,10,40,2,50,4,10,ADAUSDT,2025-02-12 12:00:00,0.7856,2025-02-13 20:00:00,0.817024,101.83299389002038,3.036800000000001,TP,0.08,0.0832,LONG,17_flag_long_4H,ranging,uptrend
0,10,40,2,50,4,10,DOGEUSDT,2025-02-14 08:00:00,0.26382,2025-02-14 08:00:00,0.2743728,303.23705556819044,3.0368000000000084,TP,0.08,0.0832,LONG,17_flag_long_4H,ranging,uptrend
0,10,40,2,50,4,10,SUIUSDT,2025-02-14 08:00:00,3.4915,2025-02-14 08:00:00,3.63116,22.91278819991408,3.0368000000000026,TP,0.08,0.0832,LONG,17_flag_long_4H,ranging,uptrend
0,10,40,2,50,4,10,XRPUSDT,2025-02-14 08:00:00,2.5872,2025-02-14 08:00:00,2.690688,30.92145949288806,3.0368000000000004,TP,0.08,0.0832,LONG,17_flag_long_4H,ranging,uptrend
0,10,40,2,50,4,10,HYPEUSDT,2025-02-14 08:00:00,26.533,2025-02-14 12:00:00,27.594320000000003,3.015113255191648,3.036800000000006,TP,0.08,0.0832,LONG,17_flag_long_4H,ranging,uptrend
0,10,40,2,50,4,10,LINKUSDT,2025-02-14 08:00:00,18.754,2025-02-14 12:00:00,19.50416,4.265756638583769,3.036800000000004,TP,0.08,0.0832,LONG,17_flag_long_4H,ranging,uptrend
0,10,40,2,50,4,10,ETHUSDT,2025-02-14 08:00:00,2698.0,2025-02-17 12:00:00,2805.92,0.0296515937731653,3.0368000000000017,TP,0.08,0.0832,LONG,17_flag_long_4H,ranging,uptrend
0,10,40,2,50,4,10,BTCUSDT,2025-02-14 08:00:00,96889.9,2025-02-22 16:00:00,96589.7,0.0008256794567854,-0.4076211039540733,SELL_AFTER,0.08,0.079752131027073,LONG,17_flag_long_4H,ranging,uptrend
0,10,40,2,50,4,10,DOGEUSDT,2025-03-02 20:00:00,0.23184,2025-03-02 20:00:00,0.2411136,345.0655624568668,3.036800000000007,TP,0.08,0.0832,LONG,17_flag_long_4H,trending,uptrend
0,10,40,2,50,4,10,SUIUSDT,2025-03-02 20:00:00,3.1959,2025-03-03 12:00:00,2.87631,25.03207234268907,-8.151999999999994,SL,0.08,0.072,LONG,17_flag_long_4H,trending,uptrend
0,10,40,2,50,4,10,ETHUSDT,2025-03-02 20:00:00,2485.36,2025-03-03 16:00:00,2236.824,0.0321884958315897,-8.152000000000001,SL,0.08,0.072,LONG,17_flag_long_4H,trending,uptrend
0,10,40,2,50,4,10,BTCUSDT,2025-03-02 20:00:00,93467.3,2025-03-04 00:00:00,84120.57,0.0008559143144179,-8.151999999999994,SL,0.08,0.072,LONG,17_flag_long_4H,trending,uptrend
0,10,40,2,50,4,10,XRPUSDT,2025-03-15 00:00:00,2.3552,2025-03-15 04:00:00,2.449408,33.96739130434783,3.036800000000002,TP,0.08,0.0832,LONG,17_flag_long_4H,ranging,uptrend
0,10,40,2,50,4,10,BTCUSDT,2025-03-15 00:00:00,83939.9,2025-03-20 00:00:00,87297.496,0.0009530628461554,3.0368000000000044,TP,0.08,0.0832,LONG,17_flag_long_4H,ranging,uptrend
0,10,40,2,50,4,10,SOLUSDT,2025-03-15 00:00:00,133.496,2025-03-23 08:00:00,132.993,0.5992688919518188,-0.4611308203991217,SELL_AFTER,0.08,0.0796985677473482,LONG,17_flag_long_4H,ranging,uptrend
0,10,40,2,50,4,10,SOLUSDT,2025-03-23 08:00:00,131.104,2025-03-24 00:00:00,136.34816,0.6102025872589699,3.0367999999999955,TP,0.08,0.0832,LONG,17_flag_long_4H,ranging,uptrend
0,10,40,2,50,4,10,HYPEUSDT,2025-03-23 08:00:00,16.055,2025-03-24 04:00:00,16.6972,4.982871379632513,3.0367999999999946,TP,0.08,0.0832,LONG,17_flag_long_4H,ranging,uptrend
0,10,40,2,50,4,10,LINKUSDT,2025-03-23 08:00:00,14.281,2025-03-24 04:00:00,14.852240000000002,5.601848610041314,3.036800000000007,TP,0.08,0.0832,LONG,17_flag_long_4H,ranging,uptrend
0,10,40,2,50,4,10,ETHUSDT,2025-03-23 08:00:00,2007.25,2025-03-24 08:00:00,2087.54,0.0398555237264914,3.036799999999998,TP,0.08,0.0832,LONG,17_flag_long_4H,ranging,uptrend
0,10,40,2,50,4,10,XRPUSDT,2025-03-23 08:00:00,2.3938,2025-03-24 12:00:00,2.489552,33.41966747430863,3.0368000000000017,TP,0.08,0.0832,LONG,17_flag_long_4H,ranging,uptrend
0,10,40,2,50,4,10,DOGEUSDT,2025-03-24 12:00:00,0.17691,2025-03-24 12:00:00,0.1839864,452.2073370640438,3.0368000000000044,TP,0.08,0.0832,LONG,17_flag_long_4H,trending,uptrend
0,10,40,2,50,4,10,ADAUSDT,2025-03-24 12:00:00,0.7316,2025-03-25 08:00:00,0.7608640000000001,109.34937124111536,3.036800000000007,TP,0.08,0.0832,LONG,17_flag_long_4H,trending,uptrend
0,10,40,2,50,4,10,LINKUSDT,2025-03-24 12:00:00,15.193,2025-03-26 04:00:00,15.80072,5.265582834199961,3.0368000000000026,TP,0.08,0.0832,LONG,17_flag_long_4H,trending,uptrend
0,10,40,2,50,4,10,SUIUSDT,2025-03-24 12:00:00,2.4079,2025-03-26 04:00:00,2.5042160000000004,33.223971095145146,3.0368000000000093,TP,0.08,0.0832,LONG,17_flag_long_4H,trending,uptrend
0,10,40,2,50,4,10,HYPEUSDT,2025-03-24 12:00:00,17.167,2025-03-26 12:00:00,15.450300000000002,4.660103687307042,-8.151999999999996,SL,0.08,0.072,LONG,17_flag_long_4H,trending,uptrend
0,10,40,2,50,4,10,ETHUSDT,2025-03-24 12:00:00,2091.68,2025-03-28 08:00:00,1882.512,0.0382467681480914,-8.151999999999996,SL,0.08,0.072,LONG,17_flag_long_4H,trending,uptrend
0,10,40,2,50,4,10,XRPUSDT,2025-03-24 12:00:00,2.4578,2025-03-28 08:00:00,2.2120200000000003,32.54943445357637,-8.151999999999994,SL,0.08,0.072,LONG,17_flag_long_4H,trending,uptrend
0,10,40,2,50,4,10,SOLUSDT,2025-03-24 12:00:00,143.333,2025-03-28 16:00:00,128.9997,0.5581408328856579,-8.152000000000003,SL,0.08,0.0719999999999999,LONG,17_flag_long_4H,trending,uptrend
0,10,40,2,50,4,10,BTCUSDT,2025-03-24 12:00:00,87643.5,2025-04-01 20:00:00,85123.1,0.0009127887407508,-2.4582921494463315,SELL_AFTER,0.08,0.0776994072578114,LONG,17_flag_long_4H,trending,uptrend
0,10,40,2,50,4,10,BTCUSDT,2025-04-02 00:00:00,85123.1,2025-04-07 04:00:00,76610.79000000001,0.0009398153967606,-8.151999999999996,SL,0.08,0.072,LONG,17_flag_long_4H,ranging,uptrend
0,10,40,2,50,4,10,SOLUSDT,2025-04-12 20:00:00,130.648,2025-04-14 00:00:00,135.87392,0.6123323740126141,3.0368000000000013,TP,0.08,0.0832,LONG,17_flag_long_4H,ranging,uptrend
0,10,40,2,50,4,10,SUIUSDT,2025-04-12 20:00:00,2.3386,2025-04-15 16:00:00,2.10474,34.208500812451895,-8.151999999999997,SL,0.08,0.072,LONG,17_flag_long_4H,ranging,uptrend
0,10,40,2,50,4,10,HYPEUSDT,2025-04-12 20:00:00,16.514,2025-04-16 04:00:00,14.8626,4.844374470146542,-8.151999999999994,SL,0.08,0.072,LONG,17_flag_long_4H,ranging,uptrend
0,10,40,2,50,4,10,LINKUSDT,2025-04-12 20:00:00,13.084,2025-04-21 00:00:00,13.60736,6.114338122898197,3.0368000000000017,TP,0.08,0.0832,LONG,17_flag_long_4H,ranging,uptrend
0,10,40,2,50,4,10,ADAUSDT,2025-04-12 20:00:00,0.6544,2025-04-21 04:00:00,0.6429,122.24938875305624,-1.5644621026894812,SELL_AFTER,0.08,0.0785941320293398,LONG,17_flag_long_4H,ranging,uptrend
0,10,40,2,50,4,10,BTCUSDT,2025-04-12 20:00:00,84898.9,2025-04-21 04:00:00,87399.8,0.0009422972500232,2.194234601390604,SELL_AFTER,0.08,0.0823565911925831,LONG,17_flag_long_4H,ranging,uptrend
0,10,40,2,50,4,10,DOGEUSDT,2025-04-12 20:00:00,0.16629,2025-04-21 04:00:00,0.16194,481.0872572012749,-2.250636839256717,SELL_AFTER,0.08,0.0779072704311744,LONG,17_flag_long_4H,ranging,uptrend
0,10,40,2,50,4,10,ETHUSDT,2025-04-12 20:00:00,1641.9,2025-04-21 04:00:00,1645.0,0.0487240392228515,-0.0091065229307553,SELL_AFTER,0.08,0.0801510445215908,LONG,17_flag_long_4H,ranging,uptrend
0,10,40,2,50,4,10,SUIUSDT,2025-04-21 04:00:00,2.1949,2025-04-21 08:00:00,2.282696,36.44812975534193,3.0367999999999995,TP,0.08,0.0832,LONG,17_flag_long_4H,trending,uptrend
0,10,40,2,50,4,10,ADAUSDT,2025-04-21 04:00:00,0.6364,2025-04-22 12:00:00,0.661856,125.7071024512885,3.0368000000000044,TP,0.08,0.0832,LONG,17_flag_long_4H,trending,uptrend
0,10,40,2,50,4,10,BTCUSDT,2025-04-21 04:00:00,87166.7,2025-04-22 12:00:00,90653.368,0.0009177816758005,3.0368000000000044,TP,0.08,0.0832,LONG,17_flag_long_4H,trending,uptrend
0,10,40,2,50,4,10,DOGEUSDT,2025-04-21 04:00:00,0.1602,2025-04-22 12:00:00,0.166608,499.3757802746567,3.036799999999998,TP,0.08,0.0832,LONG,17_flag_long_4H,trending,uptrend
0,10,40,2,50,4,10,ETHUSDT,2025-04-21 04:00:00,1633.74,2025-04-22 12:00:00,1699.0896,0.0489673999534809,3.0368000000000004,TP,0.08,0.0832,LONG,17_flag_long_4H,trending,uptrend
0,10,40,2,50,4,10,LINKUSDT,2025-04-21 04:00:00,13.526,2025-04-22 12:00:00,14.06704,5.914534969688009,3.036800000000004,TP,0.08,0.0832,LONG,17_flag_long_4H,trending,uptrend
0,10,40,2,50,4,10,XRPUSDT,2025-04-21 04:00:00,2.109,2025-04-22 20:00:00,2.19336,37.93266951161688,3.036800000000008,TP,0.08,0.0832,LONG,17_flag_long_4H,trending,uptrend
0,10,40,2,50,4,10,ADAUSDT,2025-04-22 20:00:00,0.6566,2025-04-22 20:00:00,0.682864,121.83978068839475,3.036800000000008,TP,0.08,0.0832,LONG,17_flag_long_4H,trending,uptrend
0,10,40,2,50,4,10,DOGEUSDT,2025-04-22 20:00:00,0.17169,2025-04-22 20:00:00,0.1785576,465.95608363911697,3.0368,TP,0.08,0.0832,LONG,17_flag_long_4H,trending,uptrend
0,10,40,2,50,4,10,ETHUSDT,2025-04-22 20:00:00,1697.52,2025-04-22 20:00:00,1765.4208,0.0471275743437485,3.0368000000000053,TP,0.08,0.0832,LONG,17_flag_long_4H,trending,uptrend
0,10,40,2,50,4,10,SUIUSDT,2025-04-22 20:00:00,2.4622,2025-04-22 20:00:00,2.5606880000000003,32.4912679717326,3.036800000000004,TP,0.08,0.0832,LONG,17_flag_long_4H,trending,uptrend
0,10,40,2,50,4,10,XRPUSDT,2025-04-22 20:00:00,2.1545,2025-04-22 20:00:00,2.24068,37.13158505453701,3.036800000000005,TP,0.08,0.0832,LONG,17_flag_long_4H,trending,uptrend
0,10,40,2,50,4,10,LINKUSDT,2025-04-22 20:00:00,13.848,2025-04-23 00:00:00,14.40192,5.777007510109763,3.036799999999998,TP,0.08,0.0832,LONG,17_flag_long_4H,trending,uptrend
0,10,40,2,50,4,10,BTCUSDT,2025-04-22 20:00:00,91356.3,2025-04-25 12:00:00,95010.552,0.0008756922073245,3.0368000000000066,TP,0.08,0.0832,LONG,17_flag_long_4H,trending,uptrend
0,10,40,2,50,4,10,HYPEUSDT,2025-04-22 20:00:00,18.838,2025-04-28 00:00:00,16.9542,4.246735322221042,-8.152000000000001,SL,0.08,0.0719999999999999,LONG,17_flag_long_4H,trending,uptrend
0,10,40,2,50,4,10,HYPEUSDT,2025-05-06 16:00:00,20.507,2025-05-07 08:00:00,21.32728,3.901106939093968,3.036800000000001,TP,0.08,0.0832,LONG,17_flag_long_4H,ranging,uptrend
0,10,40,2,50,4,10,ETHUSDT,2025-05-07 08:00:00,1837.24,2025-05-08 04:00:00,1910.7296,0.043543576233916,3.0368000000000044,TP,0.08,0.0832,LONG,17_flag_long_4H,ranging,uptrend
0,10,40,2,50,4,10,HYPEUSDT,2025-05-07 08:00:00,21.203,2025-05-08 08:00:00,22.05112,3.7730509833514128,3.0368000000000057,TP,0.08,0.0832,LONG,17_flag_long_4H,ranging,uptrend
0,10,40,2,50,4,10,SOLUSDT,2025-05-07 08:00:00,147.18,2025-05-08 08:00:00,153.0672,0.5435521130588394,3.036800000000003,TP,0.08,0.0832,LONG,17_flag_long_4H,ranging,uptrend
0,10,40,2,50,4,10,SUIUSDT,2025-05-08 08:00:00,3.6403,2025-05-08 08:00:00,3.785912,21.97621075186111,3.036800000000006,TP,0.08,0.0832,LONG,17_flag_long_4H,trending,uptrend
0,10,40,2,50,4,10,ADAUSDT,2025-05-08 08:00:00,0.7075,2025-05-08 12:00:00,0.7358,113.07420494699646,3.0367999999999986,TP,0.08,0.0832,LONG,17_flag_long_4H,trending,uptrend
0,10,40,2,50,4,10,DOGEUSDT,2025-05-08 08:00:00,0.18143,2025-05-08 12:00:00,0.1886872,440.9414099101581,3.036800000000008,TP,0.08,0.0832,LONG,17_flag_long_4H,trending,uptrend
0,10,40,2,50,4,10,ETHUSDT,2025-05-08 08:00:00,1927.51,2025-05-08 12:00:00,2004.6104,0.0415043242317809,3.0368000000000017,TP,0.08,0.0832,LONG,17_flag_long_4H,trending,uptrend
0,10,40,2,50,4,10,LINKUSDT,2025-05-08 08:00:00,14.689,2025-05-08 12:00:00,15.27656,5.446252297637688,3.036799999999999,TP,0.08,0.0832,LONG,17_flag_long_4H,trending,uptrend
0,10,40,2,50,4,10,SOLUSDT,2025-05-08 08:00:00,151.49,2025-05-08 12:00:00,157.54960000000003,0.5280876625519836,3.036800000000009,TP,0.08,0.0832,LONG,17_flag_long_4H,trending,uptrend
0,10,40,2,50,4,10,BTCUSDT,2025-05-08 08:00:00,99210.0,2025-05-08 20:00:00,103178.4,0.000806370325572,3.0368000000000066,TP,0.08,0.0832,LONG,17_flag_long_4H,trending,uptrend
0,10,40,2,50,4,10,HYPEUSDT,2025-05-08 08:00:00,21.798,2025-05-08 20:00:00,22.66992,3.6700614735296817,3.0367999999999973,TP,0.08,0.0832,LONG,17_flag_long_4H,trending,uptrend
0,10,40,2,50,4,10,XRPUSDT,2025-05-08 08:00:00,2.1882,2025-05-08 20:00:00,2.2757280000000004,36.55972945800201,3.0368000000000097,TP,0.08,0.0832,LONG,17_flag_long_4H,trending,uptrend
0,10,40,2,50,4,10,ADAUSDT,2025-05-08 20:00:00,0.7401,2025-05-08 20:00:00,0.769704,108.0935008782597,3.036800000000008,TP,0.08,0.0832,LONG,17_flag_long_4H,trending,uptrend
0,10,40,2,50,4,10,ETHUSDT,2025-05-08 20:00:00,2117.07,2025-05-08 20:00:00,2201.7528,0.0377880750282229,3.036800000000001,TP,0.08,0.0832,LONG,17_flag_long_4H,trending,uptrend
0,10,40,2,50,4,10,HYPEUSDT,2025-05-08 20:00:00,21.975,2025-05-08 20:00:00,22.854000000000003,3.6405005688282137,3.0368000000000044,TP,0.08,0.0832,LONG,17_flag_long_4H,trending,uptrend
0,10,40,2,50,4,10,SUIUSDT,2025-05-08 20:00:00,3.916,2025-05-08 20:00:00,4.07264,20.42900919305414,3.0367999999999977,TP,0.08,0.0832,LONG,17_flag_long_4H,trending,uptrend
0,10,40,2,50,4,10,DOGEUSDT,2025-05-08 20:00:00,0.19084,2025-05-09 00:00:00,0.1984736,419.1993292810731,3.036800000000007,TP,0.08,0.0832,LONG,17_flag_long_4H,trending,uptrend
0,10,40,2,50,4,10,LINKUSDT,2025-05-08 20:00:00,15.535,2025-05-09 04:00:00,16.1564,5.149662053427744,3.0368000000000066,TP,0.08,0.0832,LONG,17_flag_long_4H,trending,uptrend
0,10,40,2,50,4,10,SOLUSDT,2025-05-08 20:00:00,160.487,2025-05-09 08:00:00,166.90648,0.4984827431505356,3.0367999999999964,TP,0.08,0.0832,LONG,17_flag_long_4H,trending,uptrend
0,10,40,2,50,4,10,XRPUSDT,2025-05-08 20:00:00,2.2729,2025-05-09 08:00:00,2.363816,35.19732500329975,3.0368,TP,0.08,0.0832,LONG,17_flag_long_4H,trending,uptrend
0,10,40,2,50,4,10,BTCUSDT,2025-05-08 20:00:00,101241.3,2025-05-12 04:00:00,105290.952,0.0007901913547139,3.0368000000000013,TP,0.08,0.0832,LONG,17_flag_long_4H,trending,uptrend
0,10,40,2,50,4,10,ADAUSDT,2025-05-13 16:00:00,0.8061,2025-05-13 16:00:00,0.8383440000000001,99.24327006574866,3.0368000000000044,TP,0.08,0.0832,LONG,17_flag_long_4H,ranging,uptrend
0,10,40,2,50,4,10,DOGEUSDT,2025-05-13 16:00:00,0.23314,2025-05-13 16:00:00,0.2424656,343.1414600669126,3.0368000000000057,TP,0.08,0.0832,LONG,17_flag_long_4H,ranging,uptrend
0,10,40,2,50,4,10,ETHUSDT,2025-05-13 16:00:00,2564.8,2025-05-13 16:00:00,2667.3920000000003,0.0311915159076731,3.0368000000000026,TP,0.08,0.0832,LONG,17_flag_long_4H,ranging,uptrend
0,10,40,2,50,4,10,HYPEUSDT,2025-05-13 16:00:00,25.286,2025-05-13 16:00:00,26.29744,3.163806058688602,3.0368000000000004,TP,0.08,0.0832,LONG,17_flag_long_4H,ranging,uptrend
0,10,40,2,50,4,10,LINKUSDT,2025-05-13 16:00:00,16.887,2025-05-13 16:00:00,17.56248,4.737371942914668,3.036800000000001,TP,0.08,0.0832,LONG,17_flag_long_4H,ranging,uptrend
0,10,40,2,50,4,10,SOLUSDT,2025-05-13 16:00:00,175.975,2025-05-13 16:00:00,183.014,0.4546100298337832,3.036800000000007,TP,0.08,0.0832,LONG,17_flag_long_4H,ranging,uptrend
0,10,40,2,50,4,10,XRPUSDT,2025-05-13 16:00:00,2.5419,2025-05-14 08:00:00,2.643576,31.472520555489982,3.0367999999999955,TP,0.08,0.0832,LONG,17_flag_long_4H,ranging,uptrend
0,10,40,2,50,4,10,SUIUSDT,2025-05-13 16:00:00,4.0076,2025-05-19 12:00:00,3.60684,19.962072063080143,-8.152,SL,0.08,0.072,LONG,17_flag_long_4H,ranging,uptrend
0,10,40,2,50,4,10,BTCUSDT,2025-05-13 16:00:00,103633.8,2025-05-21 04:00:00,107779.152,0.0007719489201399,3.0367999999999986,TP,0.08,0.0832,LONG,17_flag_long_4H,ranging,uptrend
0,10,40,2,50,4,10,HYPEUSDT,2025-05-21 04:00:00,26.503,2025-05-21 12:00:00,27.56312,3.0185262045806134,3.0368000000000035,TP,0.08,0.0832,LONG,17_flag_long_4H,ranging,uptrend
0,10,40,2,50,4,10,BTCUSDT,2025-05-21 04:00:00,106791.5,2025-05-22 00:00:00,111063.16,0.0007491232916477,3.036800000000002,TP,0.08,0.0832,LONG,17_flag_long_4H,ranging,uptrend
0,10,40,2,50,4,10,DOGEUSDT,2025-05-21 04:00:00,0.2291,2025-05-22 00:00:00,0.238264,349.1924923614142,3.0368000000000017,TP,0.08,0.0832,LONG,17_flag_long_4H,ranging,uptrend
0,10,40,2,50,4,10,ETHUSDT,2025-05-21 04:00:00,2543.73,2025-05-22 00:00:00,2645.4792,0.0314498787214051,3.036800000000006,TP,0.08,0.0832,LONG,17_flag_long_4H,ranging,uptrend
0,10,40,2,50,4,10,DOGEUSDT,2025-05-22 00:00:00,0.2341,2025-05-22 00:00:00,0.243464,341.7343015805212,3.036800000000004,TP,0.08,0.0832,LONG,17_flag_long_4H,trending,uptrend
0,10,40,2,50,4,10,HYPEUSDT,2025-05-22 00:00:00,28.335,2025-05-22 00:00:00,29.468400000000003,2.823363331568731,3.036800000000005,TP,0.08,0.0832,LONG,17_flag_long_4H,trending,uptrend
0,10,40,2,50,4,10,ADAUSDT,2025-05-22 00:00:00,0.7692,2025-05-22 08:00:00,0.799968,104.00416016640666,3.0368000000000017,TP,0.08,0.0832,LONG,17_flag_long_4H,trending,uptrend
0,10,40,2,50,4,10,SOLUSDT,2025-05-22 00:00:00,173.49,2025-05-22 08:00:00,180.4296,0.4611216784829096,3.0368000000000053,TP,0.08,0.0832,LONG,17_flag_long_4H,trending,uptrend
0,10,40,2,50,4,10,BTCUSDT,2025-05-22 00:00:00,109608.5,2025-05-30 08:00:00,105826.3,0.0007298704023866,-2.9177553200709783,SELL_AFTER,0.08,0.0772394841640931,LONG,17_flag_long_4H,trending,uptrend
0,10,40,2,50,4,10,XRPUSDT,2025-06-07 16:00:00,2.1819,2025-06-08 12:00:00,2.2691760000000003,36.66529171822723,3.0368000000000044,TP,0.08,0.0832,LONG,17_flag_long_4H,ranging,uptrend
0,10,40,2,50,4,10,HYPEUSDT,2025-06-07 16:00:00,34.659,2025-06-08 16:00:00,36.04536,2.3082027756138377,3.0368000000000075,TP,0.08,0.0832,LONG,17_flag_long_4H,ranging,uptrend
0,10,40,2,50,4,10,SUIUSDT,2025-06-07 16:00:00,3.2534,2025-06-09 16:00:00,3.3835360000000003,24.58966004794984,3.036800000000006,TP,0.08,0.0832,LONG,17_flag_long_4H,ranging,uptrend
0,10,40,2,50,4,10,BTCUSDT,2025-06-07 16:00:00,105505.7,2025-06-09 20:00:00,109725.928,0.0007582528716457,3.036800000000002,TP,0.08,0.0832,LONG,17_flag_long_4H,ranging,uptrend
0,10,40,2,50,4,10,LINKUSDT,2025-06-07 16:00:00,13.94,2025-06-10 00:00:00,14.4976,5.738880918220947,3.0368000000000044,TP,0.08,0.0832,LONG,17_flag_long_4H,ranging,uptrend
0,10,40,2,50,4,10,ETHUSDT,2025-06-10 00:00:00,2679.11,2025-06-10 08:00:00,2786.2744,0.0298606626827565,3.036800000000003,TP,0.08,0.0832,LONG,17_flag_long_4H,trending,uptrend
0,10,40,2,50,4,10,HYPEUSDT,2025-06-10 00:00:00,38.814,2025-06-10 08:00:00,40.36656,2.061111969907765,3.036799999999999,TP,0.08,0.0832,LONG,17_flag_long_4H,trending,uptrend
0,10,40,2,50,4,10,LINKUSDT,2025-06-10 00:00:00,14.355,2025-06-10 08:00:00,14.929200000000002,5.572971090212469,3.036800000000006,TP,0.08,0.0832,LONG,17_flag_long_4H,trending,uptrend
0,10,40,2,50,4,10,DOGEUSDT,2025-06-10 00:00:00,0.19483,2025-06-11 04:00:00,0.2026232,410.61438176872144,3.0368,TP,0.08,0.0832,LONG,17_flag_long_4H,trending,uptrend
0,10,40,2,50,4,10,SOLUSDT,2025-06-10 00:00:00,161.076,2025-06-11 12:00:00,167.51904,0.4966599617571829,3.036799999999998,TP,0.08,0.0832,LONG,17_flag_long_4H,trending,uptrend
0,10,40,2,50,4,10,ADAUSDT,2025-06-10 00:00:00,0.7046,2025-06-13 00:00:00,0.63414,113.53959693443088,-8.151999999999994,SL,0.08,0.072,LONG,17_flag_long_4H,trending,uptrend
0,10,40,2,50,4,10,SUIUSDT,2025-06-10 00:00:00,3.448,2025-06-13 00:00:00,3.1032,23.20185614849188,-8.151999999999994,SL,0.08,0.072,LONG,17_flag_long_4H,trending,uptrend
0,10,40,2,50,4,10,XRPUSDT,2025-06-10 00:00:00,2.3202,2025-06-13 00:00:00,2.08818,34.479786225325405,-8.151999999999996,SL,0.08,0.072,LONG,17_flag_long_4H,trending,uptrend
0,10,40,2,50,4,10,BTCUSDT,2025-06-10 00:00:00,110228.0,2025-06-18 08:00:00,104789.0,0.0007257684073012,-4.10350691294408,SELL_AFTER,0.08,0.0760525456326886,LONG,17_flag_long_4H,trending,uptrend
0,10,40,2,50,4,10,LINKUSDT,2025-06-24 00:00:00,12.817,2025-06-24 12:00:00,13.32968,6.241710228602637,3.036799999999997,TP,0.08,0.0832,LONG,17_flag_long_4H,ranging,uptrend
0,10,40,2,50,4,10,SOLUSDT,2025-06-24 00:00:00,144.439,2025-06-28 16:00:00,150.21656,0.5538670303726833,3.0367999999999964,TP,0.08,0.0832,LONG,17_flag_long_4H,ranging,uptrend
0,10,40,2,50,4,10,HYPEUSDT,2025-06-24 00:00:00,38.154,2025-06-29 20:00:00,39.68016000000001,2.096765738847827,3.0368000000000084,TP,0.08,0.0832,LONG,17_flag_long_4H,ranging,uptrend
0,10,40,2,50,4,10,XRPUSDT,2025-06-24 00:00:00,2.1575,2025-06-30 16:00:00,2.2438,37.07995365005793,3.036800000000001,TP,0.08,0.0832,LONG,17_flag_long_4H,ranging,uptrend
0,10,40,2,50,4,10,BTCUSDT,2025-06-24 00:00:00,105278.6,2025-07-02 08:00:00,107440.0,0.0007598885243534,1.4807806334810638,SELL_AFTER,0.08,0.0816424230565376,LONG,17_flag_long_4H,ranging,uptrend
0,10,40,2,50,4,10,SUIUSDT,2025-06-24 00:00:00,2.8262,2025-07-02 08:00:00,2.7448,28.306560045290496,-2.4618498336989574,SELL_AFTER,0.08,0.0776958460123133,LONG,17_flag_long_4H,ranging,uptrend
0,10,40,2,50,4,10,ETHUSDT,2025-07-02 08:00:00,2445.46,2025-07-02 16:00:00,2543.2784,0.0327136816795204,3.036800000000003,TP,0.08,0.0832,LONG,17_flag_long_4H,ranging,uptrend
0,10,40,2,50,4,10,HYPEUSDT,2025-07-02 08:00:00,38.066,2025-07-02 16:00:00,39.588640000000005,2.1016129879682657,3.0368000000000053,TP,0.08,0.0832,LONG,17_flag_long_4H,ranging,uptrend
0,10,40,2,50,4,10,XRPUSDT,2025-07-02 08:00:00,2.1915,2025-07-02 16:00:00,2.27916,36.50467716176135,3.036800000000002,TP,0.08,0.0832,LONG,17_flag_long_4H,ranging,uptrend
0,10,40,2,50,4,10,SOLUSDT,2025-07-02 08:00:00,149.013,2025-07-03 04:00:00,154.97352,0.5368659110278968,3.036800000000001,TP,0.08,0.0832,LONG,17_flag_long_4H,ranging,uptrend
0,10,40,2,50,4,10,BTCUSDT,2025-07-02 08:00:00,107010.7,2025-07-09 16:00:00,111291.128,0.0007475887925226,3.0368,TP,0.08,0.0832,LONG,17_flag_long_4H,ranging,uptrend
0,10,40,2,50,4,10,ETHUSDT,2025-07-09 16:00:00,2655.44,2025-07-09 16:00:00,2761.6576,0.0301268339710179,3.036799999999998,TP,0.08,0.0832,LONG,17_flag_long_4H,ranging,uptrend
0,10,40,2,50,4,10,HYPEUSDT,2025-07-09 16:00:00,39.082,2025-07-09 16:00:00,40.64528,2.0469781485082645,3.0367999999999973,TP,0.08,0.0832,LONG,17_flag_long_4H,ranging,uptrend
0,10,40,2,50,4,10,DOGEUSDT,2025-07-09 16:00:00,0.17291,2025-07-09 20:00:00,0.1798264,462.66844022902086,3.0368000000000075,TP,0.08,0.0832,LONG,17_flag_long_4H,ranging,uptrend
0,10,40,2,50,4,10,SUIUSDT,2025-07-09 16:00:00,2.9567,2025-07-09 20:00:00,3.074968,27.05719213988568,3.036800000000001,TP,0.08,0.0832,LONG,17_flag_long_4H,ranging,uptrend
0,10,40,2,50,4,10,ADAUSDT,2025-07-09 16:00:00,0.6109,2025-07-10 04:00:00,0.635336,130.95432967752495,3.0368000000000013,TP,0.08,0.0832,LONG,17_flag_long_4H,ranging,uptrend
0,10,40,2,50,4,10,LINKUSDT,2025-07-09 16:00:00,14.005,2025-07-10 16:00:00,14.5652,5.712245626561942,3.0368,TP,0.08,0.0832,LONG,17_flag_long_4H,ranging,uptrend
0,10,40,2,50,4,10,SOLUSDT,2025-07-09 16:00:00,153.927,2025-07-10 16:00:00,160.08408,0.5197268835227088,3.0368000000000035,TP,0.08,0.0832,LONG,17_flag_long_4H,ranging,uptrend
0,10,40,2,50,4,10,XRPUSDT,2025-07-09 16:00:00,2.3809,2025-07-10 16:00:00,2.476136,33.60073921626276,3.036799999999996,TP,0.08,0.0832,LONG,17_flag_long_4H,ranging,uptrend
0,10,40,2,50,4,10,ADAUSDT,2025-07-10 16:00:00,0.6288,2025-07-10 16:00:00,0.6539520000000001,127.22646310432567,3.0368000000000075,TP,0.08,0.0832,LONG,17_flag_long_4H,trending,uptrend
0,10,40,2,50,4,10,SUIUSDT,2025-07-10 16:00:00,3.2354,2025-07-10 16:00:00,3.364816,24.726463497558264,3.0367999999999995,TP,0.08,0.0832,LONG,17_flag_long_4H,trending,uptrend
0,10,40,2,50,4,10,BTCUSDT,2025-07-10 16:00:00,111340.9,2025-07-10 20:00:00,115794.536,0.0007185140411115,3.036799999999999,TP,0.08,0.0832,LONG,17_flag_long_4H,trending,uptrend
0,10,40,2,50,4,10,DOGEUSDT,2025-07-10 16:00:00,0.1805,2025-07-10 20:00:00,0.18772,443.213296398892,3.0368000000000017,TP,0.08,0.0832,LONG,17_flag_long_4H,trending,uptrend
0,10,40,2,50,4,10,ETHUSDT,2025-07-10 16:00:00,2768.35,2025-07-10 20:00:00,2879.084,0.0288980800838044,3.0367999999999977,TP,0.08,0.0832,LONG,17_flag_long_4H,trending,uptrend
0,10,40,2,50,4,10,HYPEUSDT,2025-07-10 16:00:00,41.853,2025-07-10 20:00:00,43.52712,1.9114519867154087,3.036800000000004,TP,0.08,0.0832,LONG,17_flag_long_4H,trending,uptrend
0,10,40,2,50,4,10,LINKUSDT,2025-07-10 16:00:00,14.33,2025-07-10 20:00:00,14.9032,5.582693649685973,3.0367999999999995,TP,0.08,0.0832,LONG,17_flag_long_4H,trending,uptrend
0,10,40,2,50,4,10,SOLUSDT,2025-07-10 16:00:00,156.405,2025-07-10 20:00:00,162.6612,0.5114925993414533,3.0368000000000035,TP,0.08,0.0832,LONG,17_flag_long_4H,trending,uptrend
0,10,40,2,50,4,10,XRPUSDT,2025-07-10 16:00:00,2.4525,2025-07-10 20:00:00,2.5506,32.61977573904179,3.036800000000002,TP,0.08,0.0832,LONG,17_flag_long_4H,trending,uptrend
0,10,40,2,50,4,10,ADAUSDT,2025-07-10 20:00:00,0.6518,2025-07-10 20:00:00,0.677872,122.737035900583,3.0367999999999977,TP,0.08,0.0832,LONG,17_flag_long_4H,trending,uptrend
0,10,40,2,50,4,10,DOGEUSDT,2025-07-10 20:00:00,0.18569,2025-07-10 20:00:00,0.1931176,430.8255694975497,3.0368000000000026,TP,0.08,0.0832,LONG,17_flag_long_4H,trending,uptrend
0,10,40,2,50,4,10,ETHUSDT,2025-07-10 20:00:00,2814.96,2025-07-10 20:00:00,2927.5584000000003,0.0284195867792082,3.0368000000000084,TP,0.08,0.0832,LONG,17_flag_long_4H,trending,uptrend
0,10,40,2,50,4,10,LINKUSDT,2025-07-10 20:00:00,14.648,2025-07-10 20:00:00,15.23392,5.461496450027307,3.0367999999999986,TP,0.08,0.0832,LONG,17_flag_long_4H,trending,uptrend
0,10,40,2,50,4,10,HYPEUSDT,2025-07-10 20:00:00,42.785,2025-07-11 00:00:00,44.4964,1.8698141872151457,3.036800000000009,TP,0.08,0.0832,LONG,17_flag_long_4H,trending,uptrend
0,10,40,2,50,4,10,BTCUSDT,2025-07-10 20:00:00,113239.7,2025-07-11 04:00:00,117769.288,0.0007064660185429,3.036800000000002,TP,0.08,0.0832,LONG,17_flag_long_4H,trending,uptrend
0,10,40,2,50,4,10,SOLUSDT,2025-07-10 20:00:00,159.275,2025-07-11 04:00:00,165.64600000000002,0.5022759378433527,3.0368000000000044,TP,0.08,0.0832,LONG,17_flag_long_4H,trending,uptrend
0,10,40,2,50,4,10,SUIUSDT,2025-07-10 20:00:00,3.4138,2025-07-11 04:00:00,3.550352,23.434296092331124,3.0367999999999995,TP,0.08,0.0832,LONG,17_flag_long_4H,trending,uptrend
0,10,40,2,50,4,10,XRPUSDT,2025-07-10 20:00:00,2.4989,2025-07-11 08:00:00,2.598856,32.01408619792709,3.0368000000000053,TP,0.08,0.0832,LONG,17_flag_long_4H,trending,uptrend
0,10,40,2,50,4,10,ADAUSDT,2025-07-11 08:00:00,0.6991,2025-07-11 08:00:00,0.727064,114.43284222571876,3.036799999999998,TP,0.08,0.0832,LONG,17_flag_long_4H,trending,uptrend
0,10,40,2,50,4,10,XRPUSDT,2025-07-11 08:00:00,2.5791,2025-07-11 12:00:00,2.682264,31.018572370206662,3.036800000000001,TP,0.08,0.0832,LONG,17_flag_long_4H,trending,uptrend
0,10,40,2,50,4,10,SUIUSDT,2025-07-11 08:00:00,3.4846,2025-07-14 00:00:00,3.623984,22.9581587556678,3.036800000000004,TP,0.08,0.0832,LONG,17_flag_long_4H,trending,uptrend
0,10,40,2,50,4,10,BTCUSDT,2025-07-11 08:00:00,117519.5,2025-07-14 04:00:00,122220.28,0.0006807380902743,3.0367999999999986,TP,0.08,0.0832,LONG,17_flag_long_4H,trending,uptrend
0,10,40,2,50,4,10,SUIUSDT,2025-07-14 04:00:00,3.8323,2025-07-14 08:00:00,3.985592,20.87519244318033,3.0367999999999995,TP,0.08,0.0832,LONG,17_flag_long_4H,trending,uptrend
0,10,40,2,50,4,10,ETHUSDT,2025-07-14 04:00:00,3036.43,2025-07-16 04:00:00,3157.8872,0.0263467295475278,3.0368000000000075,TP,0.08,0.0832,LONG,17_flag_long_4H,trending,uptrend
0,10,40,2,50,4,10,LINKUSDT,2025-07-14 04:00:00,16.155,2025-07-16 12:00:00,16.8012,4.952027236149799,3.0368000000000013,TP,0.08,0.0832,LONG,17_flag_long_4H,trending,uptrend
0,10,40,2,50,4,10,SOLUSDT,2025-07-14 04:00:00,167.024,2025-07-16 16:00:00,173.70496,0.4789730817128077,3.036799999999999,TP,0.08,0.0832,LONG,17_flag_long_4H,trending,uptrend
0,10,40,2,50,4,10,XRPUSDT,2025-07-14 04:00:00,2.9275,2025-07-16 16:00:00,3.0446000000000004,27.32707087959009,3.0368000000000053,TP,0.08,0.0832,LONG,17_flag_long_4H,trending,uptrend
0,10,40,2,50,4,10,DOGEUSDT,2025-07-14 04:00:00,0.20455,2025-07-16 20:00:00,0.212732,391.1024199462234,3.0367999999999977,TP,0.08,0.0832,LONG,17_flag_long_4H,trending,uptrend
0,10,40,2,50,4,10,ADAUSDT,2025-07-14 04:00:00,0.76,2025-07-17 08:00:00,0.7904,105.26315789473684,3.0367999999999977,TP,0.08,0.0832,LONG,17_flag_long_4H,trending,uptrend
0,10,40,2,50,4,10,HYPEUSDT,2025-07-14 04:00:00,49.648,2025-07-17 20:00:00,44.68320000000001,1.6113438607798902,-8.151999999999992,SL,0.08,0.072,LONG,17_flag_long_4H,trending,uptrend
0,10,40,2,50,4,10,BTCUSDT,2025-07-14 04:00:00,120742.4,2025-07-22 12:00:00,118897.5,0.0006625675818933,-1.3811485609032084,SELL_AFTER,0.08,0.0787776290681649,LONG,17_flag_long_4H,trending,uptrend
0,10,40,2,50,4,10,XRPUSDT,2025-07-22 12:00:00,3.52,2025-07-23 16:00:00,3.168,22.727272727272727,-8.151999999999996,SL,0.08,0.072,LONG,17_flag_long_4H,ranging,uptrend
0,10,40,2,50,4,10,BTCUSDT,2025-07-22 12:00:00,119138.8,2025-07-30 20:00:00,117765.1,0.0006714856956759,-1.081497480249925,SELL_AFTER,0.08,0.0790775800998499,LONG,17_flag_long_4H,ranging,uptrend
0,10,40,2,50,4,10,ETHUSDT,2025-08-05 00:00:00,3719.33,2025-08-07 16:00:00,3868.1032,0.0215092503219665,3.036800000000002,TP,0.08,0.0832,LONG,17_flag_long_4H,trending,uptrend
0,10,40,2,50,4,10,XRPUSDT,2025-08-05 00:00:00,3.0698,2025-08-07 20:00:00,3.192592,26.06032966317024,3.0368000000000004,TP,0.08,0.0832,LONG,17_flag_long_4H,trending,uptrend
0,10,40,2,50,4,10,XRPUSDT,2025-08-07 20:00:00,3.0999,2025-08-07 20:00:00,3.223896,25.8072841059389,3.0367999999999995,TP,0.08,0.0832,LONG,17_flag_long_4H,ranging,uptrend
0,10,40,2,50,4,10,ADAUSDT,2025-08-07 20:00:00,0.7658,2025-08-08 00:00:00,0.796432,104.46591799425435,3.0367999999999986,TP,0.08,0.0832,LONG,17_flag_long_4H,ranging,uptrend
0,10,40,2,50,4,10,LINKUSDT,2025-08-07 20:00:00,18.285,2025-08-08 00:00:00,19.0164,4.375170905113481,3.0368000000000026,TP,0.08,0.0832,LONG,17_flag_long_4H,ranging,uptrend
0,10,40,2,50,4,10,DOGEUSDT,2025-08-07 20:00:00,0.21723,2025-08-08 08:00:00,0.2259192,368.2732587579984,3.0368000000000026,TP,0.08,0.0832,LONG,17_flag_long_4H,ranging,uptrend
0,10,40,2,50,4,10,HYPEUSDT,2025-08-07 20:00:00,39.868,2025-08-08 08:00:00,41.46272,2.0066218521119694,3.0368000000000044,TP,0.08,0.0832,LONG,17_flag_long_4H,ranging,uptrend
0,10,40,2,50,4,10,SOLUSDT,2025-08-07 20:00:00,171.693,2025-08-08 12:00:00,178.56072000000003,0.4659479419661838,3.036800000000009,TP,0.08,0.0832,LONG,17_flag_long_4H,ranging,uptrend
0,10,40,2,50,4,10,ETHUSDT,2025-08-07 20:00:00,3865.79,2025-08-08 16:00:00,4020.4216,0.0206943470804156,3.036800000000003,TP,0.08,0.0832,LONG,17_flag_long_4H,ranging,uptrend
0,10,40,2,50,4,10,SUIUSDT,2025-08-07 20:00:00,3.7391,2025-08-09 00:00:00,3.888664,21.39552298681501,3.0368000000000053,TP,0.08,0.0832,LONG,17_flag_long_4H,ranging,uptrend
0,10,40,2,50,4,10,BTCUSDT,2025-08-07 20:00:00,117396.4,2025-08-11 00:00:00,122092.256,0.0006814519014211,3.0368,TP,0.08,0.0832,LONG,17_flag_long_4H,ranging,uptrend
0,10,40,2,50,4,10,ADAUSDT,2025-08-11 00:00:00,0.8014,2025-08-11 04:00:00,0.833456,99.82530571499876,3.036799999999997,TP,0.08,0.0832,LONG,17_flag_long_4H,trending,uptrend
0,10,40,2,50,4,10,XRPUSDT,2025-08-11 00:00:00,3.1858,2025-08-11 08:00:00,3.313232,25.111431979408625,3.036800000000005,TP,0.08,0.0832,LONG,17_flag_long_4H,trending,uptrend
0,10,40,2,50,4,10,ETHUSDT,2025-08-11 00:00:00,4248.5,2025-08-12 12:00:00,4418.4400000000005,0.018830175356008,3.0368000000000093,TP,0.08,0.0832,LONG,17_flag_long_4H,trending,uptrend
0,10,40,2,50,4,10,SOLUSDT,2025-08-11 00:00:00,182.598,2025-08-12 16:00:00,189.90192,0.4381208994622065,3.0368000000000017,TP,0.08,0.0832,LONG,17_flag_long_4H,trending,uptrend
0,10,40,2,50,4,10,DOGEUSDT,2025-08-11 00:00:00,0.23387,2025-08-13 04:00:00,0.2432248,342.07038098088685,3.036799999999999,TP,0.08,0.0832,LONG,17_flag_long_4H,trending,uptrend
0,10,40,2,50,4,10,SUIUSDT,2025-08-11 00:00:00,3.8749,2025-08-13 08:00:00,4.029896,20.645694082427934,3.0368000000000026,TP,0.08,0.0832,LONG,17_flag_long_4H,trending,uptrend
0,10,40,2,50,4,10,HYPEUSDT,2025-08-11 00:00:00,45.264,2025-08-13 16:00:00,47.074560000000005,1.7674089784376104,3.036800000000004,TP,0.08,0.0832,LONG,17_flag_long_4H,trending,uptrend
0,10,40,2,50,4,10,BTCUSDT,2025-08-11 00:00:00,119239.9,2025-08-14 00:00:00,124009.496,0.0006709163627275,3.036800000000003,TP,0.08,0.0832,LONG,17_flag_long_4H,trending,uptrend
0,10,40,2,50,4,10,ADAUSDT,2025-08-14 00:00:00,0.905,2025-08-14 00:00:00,0.9412,88.39779005524862,3.036800000000001,TP,0.08,0.0832,LONG,17_flag_long_4H,ranging,uptrend
0,10,40,2,50,4,10,DOGEUSDT,2025-08-14 00:00:00,0.24498,2025-08-14 00:00:00,0.2547792,326.55726998122293,3.036800000000011,TP,0.08,0.0832,LONG,17_flag_long_4H,ranging,uptrend
0,10,40,2,50,4,10,SUIUSDT,2025-08-14 00:00:00,4.0079,2025-08-14 00:00:00,4.168216,19.96057785872901,3.0367999999999977,TP,0.08,0.0832,LONG,17_flag_long_4H,ranging,uptrend
0,10,40,2,50,4,10,SOLUSDT,2025-08-14 00:00:00,201.567,2025-08-14 04:00:00,209.62968,0.3968903639980751,3.0368,TP,0.08,0.0832,LONG,17_flag_long_4H,ranging,uptrend
0,10,40,2,50,4,10,LINKUSDT,2025-08-14 00:00:00,23.985,2025-08-14 12:00:00,21.5865,3.335417969564311,-8.151999999999994,SL,0.08,0.072,LONG,17_flag_long_4H,ranging,uptrend
0,10,40,2,50,4,10,HYPEUSDT,2025-08-14 00:00:00,47.633,2025-08-15 04:00:00,49.538320000000006,1.679507904184074,3.036800000000005,TP,0.08,0.0832,LONG,17_flag_long_4H,ranging,uptrend
0,10,40,2,50,4,10,ETHUSDT,2025-08-14 00:00:00,4748.48,2025-08-18 04:00:00,4273.632,0.0168474964620257,-8.152,SL,0.08,0.072,LONG,17_flag_long_4H,ranging,uptrend
0,10,40,2,50,4,10,XRPUSDT,2025-08-14 00:00:00,3.2748,2025-08-18 08:00:00,2.94732,24.42897276169537,-8.151999999999997,SL,0.08,0.072,LONG,17_flag_long_4H,ranging,uptrend
0,10,40,2,50,4,10,BTCUSDT,2025-08-14 00:00:00,123319.2,2025-08-22 08:00:00,112276.2,0.0006487229887965,-7.316684117315066,SELL_AFTER,0.08,0.0728361520347196,LONG,17_flag_long_4H,ranging,uptrend
0,10,40,2,50,4,10,LINKUSDT,2025-08-22 08:00:00,25.037,2025-08-22 12:00:00,26.03848,3.195270998921596,3.036800000000002,TP,0.08,0.0832,LONG,17_flag_long_4H,ranging,uptrend
0,10,40,2,50,4,10,DOGEUSDT,2025-08-22 16:00:00,0.23005,2025-08-22 16:00:00,0.239252,347.7504890241252,3.036800000000005,TP,0.08,0.0832,LONG,17_flag_long_4H,ranging,uptrend
0,10,40,2,50,4,10,ETHUSDT,2025-08-22 16:00:00,4613.58,2025-08-22 16:00:00,4798.1232,0.0173401133176405,3.0368000000000013,TP,0.08,0.0832,LONG,17_flag_long_4H,ranging,uptrend
0,10,40,2,50,4,10,LINKUSDT,2025-08-22 16:00:00,26.467,2025-08-22 16:00:00,27.52568,3.022631956776363,3.0368000000000075,TP,0.08,0.0832,LONG,17_flag_long_4H,ranging,uptrend
0,10,40,2,50,4,10,SOLUSDT,2025-08-22 16:00:00,193.435,2025-08-22 20:00:00,201.1724,0.4135756197172177,3.036800000000003,TP,0.08,0.0832,LONG,17_flag_long_4H,ranging,uptrend
0,10,40,2,50,4,10,BTCUSDT,2025-08-22 16:00:00,116306.3,2025-08-31 00:00:00,109159.9,0.0006878389218812,-5.07065649926101,SELL_AFTER,0.08,0.0750844279286676,LONG,17_flag_long_4H,ranging,uptrend
0,10,40,2,50,4,10,XRPUSDT,2025-08-22 16:00:00,3.0156,2025-08-31 00:00:00,2.8508,26.528717336516777,-4.527560684440909,SELL_AFTER,0.08,0.075628067382942,LONG,17_flag_long_4H,ranging,uptrend
0,10,40,2,50,4,10,SOLUSDT,2025-09-08 08:00:00,207.765,2025-09-08 12:00:00,216.0756,0.3850504175390465,3.0367999999999977,TP,0.08,0.0832,LONG,17_flag_long_4H,ranging,uptrend
0,10,40,2,50,4,10,DOGEUSDT,2025-09-08 08:00:00,0.23256,2025-09-08 20:00:00,0.2418624,343.99724802201587,3.0368000000000057,TP,0.08,0.0832,LONG,17_flag_long_4H,ranging,uptrend
0,10,40,2,50,4,10,ADAUSDT,2025-09-08 08:00:00,0.8415,2025-09-09 04:00:00,0.87516,95.068330362448,3.036800000000002,TP,0.08,0.0832,LONG,17_flag_long_4H,ranging,uptrend
0,10,40,2,50,4,10,HYPEUSDT,2025-09-08 08:00:00,49.992,2025-09-09 04:00:00,51.99168,1.6002560409665547,3.036800000000008,TP,0.08,0.0832,LONG,17_flag_long_4H,ranging,uptrend
0,10,40,2,50,4,10,SUIUSDT,2025-09-08 08:00:00,3.407,2025-09-09 04:00:00,3.54328,23.48106838861168,3.036800000000004,TP,0.08,0.0832,LONG,17_flag_long_4H,ranging,uptrend
0,10,40,2,50,4,10,XRPUSDT,2025-09-08 08:00:00,2.9094,2025-09-09 04:00:00,3.0257760000000005,27.497078435416235,3.0368000000000066,TP,0.08,0.0832,LONG,17_flag_long_4H,ranging,uptrend
0,10,40,2,50,4,10,HYPEUSDT,2025-09-09 04:00:00,51.435,2025-09-09 04:00:00,53.4924,1.5553611354136287,3.0368000000000013,TP,0.08,0.0832,LONG,17_flag_long_4H,trending,uptrend
0,10,40,2,50,4,10,SUIUSDT,2025-09-09 04:00:00,3.4606,2025-09-09 04:00:00,3.599024,23.11737848927932,3.0368000000000026,TP,0.08,0.0832,LONG,17_flag_long_4H,trending,uptrend
0,10,40,2,50,4,10,SOLUSDT,2025-09-09 04:00:00,214.538,2025-09-10 12:00:00,223.11952,0.3728943124294996,3.036800000000004,TP,0.08,0.0832,LONG,17_flag_long_4H,trending,uptrend
0,10,40,2,50,4,10,LINKUSDT,2025-09-09 04:00:00,23.184,2025-09-11 12:00:00,24.11136,3.450655624568668,3.0368,TP,0.08,0.0832,LONG,17_flag_long_4H,trending,uptrend
0,10,40,2,50,4,10,ADAUSDT,2025-09-09 04:00:00,0.8669,2025-09-12 00:00:00,0.901576,92.28284692582766,3.036800000000003,TP,0.08,0.0832,LONG,17_flag_long_4H,trending,uptrend
0,10,40,2,50,4,10,BTCUSDT,2025-09-09 04:00:00,111654.8,2025-09-12 00:00:00,116120.992,0.0007164940513081,3.0368000000000066,TP,0.08,0.0832,LONG,17_flag_long_4H,trending,uptrend
0,10,40,2,50,4,10,XRPUSDT,2025-09-09 04:00:00,2.9492,2025-09-12 00:00:00,3.067168,27.126000271260004,3.036800000000008,TP,0.08,0.0832,LONG,17_flag_long_4H,trending,uptrend
0,10,40,2,50,4,10,SOLUSDT,2025-09-12 00:00:00,228.593,2025-09-12 04:00:00,237.73672,0.3499669718670301,3.036800000000001,TP,0.08,0.0832,LONG,17_flag_long_4H,trending,uptrend
0,10,40,2,50,4,10,DOGEUSDT,2025-09-12 00:00:00,0.25594,2025-09-12 12:00:00,0.2661776,312.5732593576619,3.0368000000000035,TP,0.08,0.0832,LONG,17_flag_long_4H,trending,uptrend
0,10,40,2,50,4,10,ETHUSDT,2025-09-12 00:00:00,4456.54,2025-09-12 16:00:00,4634.8016,0.0179511459562799,3.0367999999999964,TP,0.08,0.0832,LONG,17_flag_long_4H,trending,uptrend
0,10,40,2,50,4,10,ADAUSDT,2025-09-12 00:00:00,0.894,2025-09-13 00:00:00,0.92976,89.48545861297539,3.0368000000000013,TP,0.08,0.0832,LONG,17_flag_long_4H,trending,uptrend
0,10,40,2,50,4,10,LINKUSDT,2025-09-12 00:00:00,24.474,2025-09-13 08:00:00,25.45296,3.268775026558797,3.036800000000002,TP,0.08,0.0832,LONG,17_flag_long_4H,trending,uptrend
0,10,40,2,50,4,10,SUIUSDT,2025-09-12 00:00:00,3.6658,2025-09-13 08:00:00,3.812432,21.82334006219652,3.0368000000000066,TP,0.08,0.0832,LONG,17_flag_long_4H,trending,uptrend
0,10,40,2,50,4,10,XRPUSDT,2025-09-12 00:00:00,3.0391,2025-09-13 08:00:00,3.160664,26.32358263959725,3.036800000000006,TP,0.08,0.0832,LONG,17_flag_long_4H,trending,uptrend
0,10,40,2,50,4,10,HYPEUSDT,2025-09-12 00:00:00,57.02,2025-09-18 00:00:00,59.3008,1.403016485443704,3.0367999999999986,TP,0.08,0.0832,LONG,17_flag_long_4H,trending,uptrend
0,10,40,2,50,4,10,BTCUSDT,2025-09-12 00:00:00,115416.9,2025-09-20 08:00:00,115841.1,0.0006931393929311,0.1337357007509379,SELL_AFTER,0.08,0.0802940297304814,LONG,17_flag_long_4H,trending,uptrend
0,10,40,2,50,4,10,ADAUSDT,2025-10-02 16:00:00,0.8537,2025-10-03 16:00:00,0.8878480000000001,93.7097340986295,3.036800000000006,TP,0.08,0.0832,LONG,17_flag_long_4H,trending,uptrend
0,10,40,2,50,4,10,DOGEUSDT,2025-10-02 16:00:00,0.25493,2025-10-03 16:00:00,0.2651272,313.8116345663516,3.0368000000000057,TP,0.08,0.0832,LONG,17_flag_long_4H,trending,uptrend
0,10,40,2,50,4,10,SOLUSDT,2025-10-02 16:00:00,227.032,2025-10-03 16:00:00,236.11328000000003,0.3523732337291659,3.036800000000007,TP,0.08,0.0832,LONG,17_flag_long_4H,trending,uptrend
0,10,40,2,50,4,10,BTCUSDT,2025-10-02 16:00:00,119879.9,2025-10-05 04:00:00,124675.096,0.0006673345573361,3.036800000000007,TP,0.08,0.0832,LONG,17_flag_long_4H,trending,uptrend
0,10,40,2,50,4,10,ETHUSDT,2025-10-02 16:00:00,4435.2,2025-10-05 04:00:00,4612.608,0.018037518037518,3.0368000000000066,TP,0.08,0.0832,LONG,17_flag_long_4H,trending,uptrend
0,10,40,2,50,4,10,HYPEUSDT,2025-10-02 16:00:00,49.191,2025-10-05 04:00:00,51.158640000000005,1.6263137565814885,3.0368000000000044,TP,0.08,0.0832,LONG,17_flag_long_4H,trending,uptrend
0,10,40,2,50,4,10,LINKUSDT,2025-10-02 16:00:00,22.41,2025-10-06 16:00:00,23.3064,3.5698348951361,3.0367999999999995,TP,0.08,0.0832,LONG,17_flag_long_4H,trending,uptrend
0,10,40,2,50,4,10,SUIUSDT,2025-10-02 16:00:00,3.5501,2025-10-06 16:00:00,3.692104,22.53457649080308,3.0368000000000004,TP,0.08,0.0832,LONG,17_flag_long_4H,trending,uptrend
0,10,40,2,50,4,10,XRPUSDT,2025-10-02 16:00:00,2.9908,2025-10-10 16:00:00,2.69172,26.74869600106995,-8.152,SL,0.08,0.072,LONG,17_flag_long_4H,trending,uptrend
0,10,40,2,50,4,10,DOGEUSDT,2025-10-19 16:00:00,0.19643,2025-10-21 12:00:00,0.2042872,407.26976531079777,3.0368000000000035,TP,0.08,0.0832,LONG,17_flag_long_4H,trending,uptrend
0,10,40,2,50,4,10,HYPEUSDT,2025-10-19 16:00:00,38.265,2025-10-23 12:00:00,39.7956,2.0906833921338035,3.036799999999999,TP,0.08,0.0832,LONG,17_flag_long_4H,trending,uptrend
0,10,40,2,50,4,10,SOLUSDT,2025-10-19 16:00:00,190.764,2025-10-26 12:00:00,198.39456,0.4193663374640917,3.036800000000001,TP,0.08,0.0832,LONG,17_flag_long_4H,trending,uptrend
0,10,40,2,50,4,10,ETHUSDT,2025-10-19 16:00:00,3977.2,2025-10-26 20:00:00,4136.288,0.020114653525093,3.0367999999999946,TP,0.08,0.0832,LONG,17_flag_long_4H,trending,uptrend
0,10,40,2,50,4,10,LINKUSDT,2025-10-26 20:00:00,18.175,2025-10-27 00:00:00,18.902,4.401650618982118,3.036800000000001,TP,0.08,0.0832,LONG,17_flag_long_4H,trending,uptrend
0,10,40,2,50,4,10,DOGEUSDT,2025-10-26 20:00:00,0.20179,2025-10-30 12:00:00,0.181611,396.4517567768472,-8.152000000000001,SL,0.08,0.072,LONG,17_flag_long_4H,trending,uptrend
0,10,40,2,50,4,10,SUIUSDT,2025-10-26 20:00:00,2.6311,2025-10-30 12:00:00,2.3679900000000003,30.405533807152903,-8.15199999999999,SL,0.08,0.072,LONG,17_flag_long_4H,trending,uptrend
0,10,40,2,50,4,10,SOLUSDT,2025-10-26 20:00:00,198.792,2025-10-30 16:00:00,178.9128,0.4024306813151435,-8.151999999999997,SL,0.08,0.072,LONG,17_flag_long_4H,trending,uptrend
0,10,40,2,50,4,10,XRPUSDT,2025-10-26 20:00:00,2.6135,2025-11-03 12:00:00,2.3521500000000004,30.61029271092405,-8.15199999999999,SL,0.08,0.072,LONG,17_flag_long_4H,trending,uptrend
0,10,40,2,50,4,10,XRPUSDT,2025-11-24 16:00:00,2.0897,2025-11-24 16:00:00,2.1732880000000003,38.28300713021007,3.0368000000000075,TP,0.08,0.0832,LONG,17_flag_long_4H,ranging,uptrend
0,10,40,2,50,4,10,SOLUSDT,2025-11-24 20:00:00,137.162,2025-11-26 16:00:00,142.64848,0.5832519210860151,3.0368,TP,0.08,0.0832,LONG,17_flag_long_4H,trending,uptrend
0,10,40,2,50,4,10,ETHUSDT,2025-11-24 20:00:00,2957.98,2025-11-28 08:00:00,3076.2992,0.0270454837422835,3.0367999999999973,TP,0.08,0.0832,LONG,17_flag_long_4H,trending,uptrend
0,10,40,2,50,4,10,DOGEUSDT,2025-11-24 20:00:00,0.15239,2025-12-01 00:00:00,0.137151,524.9688299757202,-8.152,SL,0.08,0.0719999999999999,LONG,17_flag_long_4H,trending,uptrend
0,10,40,2,50,4,10,XRPUSDT,2025-11-24 20:00:00,2.2337,2025-12-01 12:00:00,2.01033,35.81501544522541,-8.152000000000003,SL,0.08,0.072,LONG,17_flag_long_4H,trending,uptrend
0,10,40,2,50,4,10,LINKUSDT,2025-12-02 16:00:00,13.289,2025-12-03 00:00:00,13.82056,6.020016555045527,3.0368000000000044,TP,0.08,0.0832,LONG,17_flag_long_4H,ranging,uptrend
0,10,40,2,50,4,10,SUIUSDT,2025-12-02 16:00:00,1.604,2025-12-03 00:00:00,1.66816,49.87531172069825,3.036799999999999,TP,0.08,0.0832,LONG,17_flag_long_4H,ranging,uptrend
0,10,40,2,50,4,10,ADAUSDT,2025-12-02 16:00:00,0.4282,2025-12-03 04:00:00,0.445328,186.82858477347037,3.0368000000000057,TP,0.08,0.0832,LONG,17_flag_long_4H,ranging,uptrend
0,10,40,2,50,4,10,ETHUSDT,2025-12-02 16:00:00,3005.12,2025-12-03 12:00:00,3125.3248,0.0266212330955169,3.036799999999999,TP,0.08,0.0832,LONG,17_flag_long_4H,ranging,uptrend
0,10,40,2,50,4,10,BTCUSDT,2025-12-02 16:00:00,90800.0,2025-12-09 16:00:00,94432.0,0.0008810572687224,3.0368,TP,0.08,0.0832,LONG,17_flag_long_4H,ranging,uptrend
0,10,40,2,50,4,10,DOGEUSDT,2025-12-09 16:00:00,0.14625,2025-12-09 16:00:00,0.1520999999999999,547.008547008547,3.0367999999999964,TP,0.08,0.0832,LONG,17_flag_long_4H,ranging,uptrend
0,10,40,2,50,4,10,ETHUSDT,2025-12-09 16:00:00,3243.99,2025-12-09 16:00:00,3373.7496,0.0246609884740705,3.036800000000008,TP,0.08,0.0832,LONG,17_flag_long_4H,ranging,uptrend
0,10,40,2,50,4,10,LINKUSDT,2025-12-09 16:00:00,14.404,2025-12-09 16:00:00,14.98016,5.55401277422938,3.036799999999998,TP,0.08,0.0832,LONG,17_flag_long_4H,ranging,uptrend
0,10,40,2,50,4,10,SOLUSDT,2025-12-09 16:00:00,138.314,2025-12-09 16:00:00,143.84656,0.5783940888124124,3.0368000000000106,TP,0.08,0.0832,LONG,17_flag_long_4H,ranging,uptrend
0,10,40,2,50,4,10,SUIUSDT,2025-12-09 16:00:00,1.6567,2025-12-09 16:00:00,1.722968,48.28876682561719,3.036799999999999,TP,0.08,0.0832,LONG,17_flag_long_4H,ranging,uptrend
0,10,40,2,50,4,10,ADAUSDT,2025-12-09 16:00:00,0.4667,2025-12-11 08:00:00,0.42003,171.41632740518534,-8.151999999999997,SL,0.08,0.072,LONG,17_flag_long_4H,ranging,uptrend
0,10,40,2,50,4,10,XRPUSDT,2025-12-09 16:00:00,2.1142,2025-12-15 16:00:00,1.90278,37.83937186642702,-8.151999999999997,SL,0.08,0.072,LONG,17_flag_long_4H,ranging,uptrend
0,10,40,2,50,4,10,BTCUSDT,2025-12-09 16:00:00,92664.1,2025-12-18 00:00:00,86591.2,0.0008633332649861,-5.397693648349261,SELL_AFTER,0.08,0.0747570634150658,LONG,17_flag_long_4H,ranging,uptrend
0,10,40,2,50,4,10,XRPUSDT,2025-12-20 12:00:00,1.9428,2025-12-28 20:00:00,1.8648,41.17768169652049,-3.368647313156272,SELL_AFTER,0.08,0.0767881408276714,LONG,17_flag_long_4H,ranging,uptrend
0,10,40,2,50,4,10,ADAUSDT,2025-12-29 00:00:00,0.3684,2025-12-29 04:00:00,0.383136,217.15526601520085,3.0368000000000053,TP,0.08,0.0832,LONG,17_flag_long_4H,ranging,uptrend
0,10,40,2,50,4,10,LINKUSDT,2025-12-29 00:00:00,12.49,2025-12-29 04:00:00,12.9896,6.405124099279424,3.0368000000000057,TP,0.08,0.0832,LONG,17_flag_long_4H,ranging,uptrend
0,10,40,2,50,4,10,SUIUSDT,2025-12-29 00:00:00,1.4458,2025-12-29 04:00:00,1.503632,55.332687785309176,3.0368000000000057,TP,0.08,0.0832,LONG,17_flag_long_4H,ranging,uptrend
0,10,40,2,50,4,10,SOLUSDT,2025-12-29 00:00:00,125.19,2026-01-02 16:00:00,130.1976,0.639028676411854,3.0367999999999977,TP,0.08,0.0832,LONG,17_flag_long_4H,ranging,uptrend
0,10,40,2,50,4,10,ADAUSDT,2026-01-02 16:00:00,0.3715,2026-01-02 16:00:00,0.38636,215.34320323014805,3.0368000000000084,TP,0.08,0.0832,LONG,17_flag_long_4H,ranging,uptrend
0,10,40,2,50,4,10,XRPUSDT,2026-01-02 16:00:00,1.9165,2026-01-02 16:00:00,1.9931600000000005,41.74276024002087,3.036800000000007,TP,0.08,0.0832,LONG,17_flag_long_4H,ranging,uptrend
0,10,40,2,50,4,10,DOGEUSDT,2026-01-02 16:00:00,0.13519,2026-01-02 20:00:00,0.1405976,591.7597455433094,3.0368000000000066,TP,0.08,0.0832,LONG,17_flag_long_4H,ranging,uptrend
0,10,40,2,50,4,10,SUIUSDT,2026-01-02 16:00:00,1.5327,2026-01-02 20:00:00,1.594008,52.19547204280029,3.036800000000007,TP,0.08,0.0832,LONG,17_flag_long_4H,ranging,uptrend
0,10,40,2,50,4,10,SOLUSDT,2026-01-02 16:00:00,128.926,2026-01-04 00:00:00,134.08303999999998,0.6205109908009246,3.0367999999999973,TP,0.08,0.0832,LONG,17_flag_long_4H,ranging,uptrend
0,10,40,2,50,4,10,LINKUSDT,2026-01-02 16:00:00,13.051,2026-01-04 16:00:00,13.57304,6.129798482874875,3.0368000000000026,TP,0.08,0.0832,LONG,17_flag_long_4H,ranging,uptrend
0,10,40,2,50,4,10,BTCUSDT,2026-01-02 16:00:00,89371.1,2026-01-05 00:00:00,92945.944,0.000895143955932,3.0367999999999973,TP,0.08,0.0832,LONG,17_flag_long_4H,ranging,uptrend
0,10,40,2,50,4,10,ETHUSDT,2026-01-02 16:00:00,3084.54,2026-01-05 00:00:00,3207.9216,0.0259357959371575,3.036800000000004,TP,0.08,0.0832,LONG,17_flag_long_4H,ranging,uptrend
0,10,40,2,50,4,10,ADAUSDT,2026-01-05 00:00:00,0.4007,2026-01-05 16:00:00,0.416728,199.6506114299975,3.036799999999997,TP,0.08,0.0832,LONG,17_flag_long_4H,trending,uptrend
0,10,40,2,50,4,10,XRPUSDT,2026-01-05 00:00:00,2.09,2026-01-05 16:00:00,2.1736,38.27751196172249,3.0368000000000044,TP,0.08,0.0832,LONG,17_flag_long_4H,trending,uptrend
0,10,40,2,50,4,10,LINKUSDT,2026-01-05 00:00:00,13.416,2026-01-05 20:00:00,13.95264,5.963029218843173,3.0368000000000013,TP,0.08,0.0832,LONG,17_flag_long_4H,trending,uptrend
0,10,40,2,50,4,10,SOLUSDT,2026-01-05 00:00:00,134.045,2026-01-05 20:00:00,139.4068,0.5968145025924131,3.03680000000001,TP,0.08,0.0832,LONG,17_flag_long_4H,trending,uptrend
0,10,40,2,50,4,10,ETHUSDT,2026-01-05 00:00:00,3143.57,2026-01-06 12:00:00,3269.3128,0.0254487732100764,3.036799999999999,TP,0.08,0.0832,LONG,17_flag_long_4H,trending,uptrend
0,10,40,2,50,4,10,HYPEUSDT,2026-01-05 00:00:00,26.866,2026-01-06 20:00:00,27.94064,2.9777413831608723,3.036800000000006,TP,0.08,0.0832,LONG,17_flag_long_4H,trending,uptrend
0,10,40,2,50,4,10,BTCUSDT,2026-01-05 00:00:00,91495.1,2026-01-13 08:00:00,91961.8,0.0008743637637425,0.2476575029701018,SELL_AFTER,0.08,0.0804080655685386,LONG,17_flag_long_4H,trending,uptrend
0,10,40,2,50,4,10,BTCUSDT,2026-01-13 08:00:00,91908.9,2026-01-13 20:00:00,95585.256,0.0008704271294727,3.0368,TP,0.08,0.0832,LONG,17_flag_long_4H,ranging,uptrend
0,10,40,2,50,4,10,SOLUSDT,2026-01-13 08:00:00,139.889,2026-01-13 20:00:00,145.48456000000002,0.5718819921509196,3.036800000000003,TP,0.08,0.0832,LONG,17_flag_long_4H,ranging,uptrend
0,10,40,2,50,4,10,ADAUSDT,2026-01-13 20:00:00,0.4102,2026-01-13 20:00:00,0.426608,195.02681618722573,3.036800000000006,TP,0.08,0.0832,LONG,17_flag_long_4H,trending,uptrend
0,10,40,2,50,4,10,DOGEUSDT,2026-01-13 20:00:00,0.1443,2026-01-13 20:00:00,0.150072,554.4005544005544,3.036799999999999,TP,0.08,0.0832,LONG,17_flag_long_4H,trending,uptrend
0,10,40,2,50,4,10,ETHUSDT,2026-01-13 20:00:00,3214.39,2026-01-13 20:00:00,3342.9656,0.0248880814089142,3.036800000000003,TP,0.08,0.0832,LONG,17_flag_long_4H,trending,uptrend
0,10,40,2,50,4,10,SUIUSDT,2026-01-13 20:00:00,1.8428,2026-01-13 20:00:00,1.916512,43.41219882787063,3.0368,TP,0.08,0.0832,LONG,17_flag_long_4H,trending,uptrend
0,10,40,2,50,4,10,LINKUSDT,2026-01-13 20:00:00,13.69,2026-01-14 12:00:00,14.2376,5.843681519357196,3.0368000000000057,TP,0.08,0.0832,LONG,17_flag_long_4H,trending,uptrend
0,10,40,2,50,4,10,SOLUSDT,2026-01-13 20:00:00,144.154,2026-01-20 08:00:00,129.7386,0.5549620544695256,-8.152000000000001,SL,0.08,0.0719999999999999,LONG,17_flag_long_4H,trending,uptrend
0,10,40,2,50,4,10,BTCUSDT,2026-01-13 20:00:00,94160.1,2026-01-22 04:00:00,89774.2,0.0008496167697358,-3.882607856193873,SELL_AFTER,0.08,0.0762736658096157,LONG,17_flag_long_4H,trending,uptrend
0,10,40,2,50,4,10,HYPEUSDT,2026-01-27 04:00:00,26.093,2026-01-27 04:00:00,27.13672,3.0659563867703983,3.0368000000000013,TP,0.08,0.0832,LONG,17_flag_long_4H,ranging,uptrend
0,10,40,2,50,4,10,HYPEUSDT,2026-01-27 08:00:00,27.404,2026-01-27 16:00:00,28.50016,2.919281856663261,3.036800000000003,TP,0.08,0.0832,LONG,17_flag_long_4H,ranging,uptrend
0,10,40,2,50,4,10,HYPEUSDT,2026-01-27 16:00:00,28.145,2026-01-27 20:00:00,29.2708,2.842423165748801,3.036800000000005,TP,0.08,0.0832,LONG,17_flag_long_4H,ranging,uptrend
0,10,40,2,50,4,10,HYPEUSDT,2026-01-27 20:00:00,28.79,2026-01-27 20:00:00,29.9416,2.7787426189649183,3.0368000000000053,TP,0.08,0.0832,LONG,17_flag_long_4H,ranging,uptrend
0,10,40,2,50,4,10,ETHUSDT,2026-01-27 20:00:00,2978.83,2026-01-30 16:00:00,2680.947,0.0268561817894945,-8.151999999999994,SL,0.08,0.072,LONG,17_flag_long_4H,ranging,uptrend
