SELL_AFTER,LOOKBACK,MA_PERIOD,TOLERANCE,TP_PCT,SL_PCT,symbol,buy_time,buy_price,sell_time,sell_price,qty,profit,exit_reason,commission_buy,commission_sell,position_type,strategy
0,4,25,20,5,10,ADAUSDT,2025-01-07 12:00:00,1.1341,2025-01-07 18:00:00,1.02069,70.54051670928489,-8.152,SL,0.08,0.07200000000000001,LONG,08_reversal_long_6Hutc
0,4,25,20,5,10,HYPEUSDT,2025-01-07 12:00:00,25.301,2025-01-07 18:00:00,22.770899999999997,3.1619303584838545,-8.152000000000003,SL,0.08,0.07200000000000001,LONG,08_reversal_long_6Hutc
0,4,25,20,5,10,DOGEUSDT,2025-01-07 12:00:00,0.38493,2025-01-08 00:00:00,0.346437,207.82999506403763,-8.152,SL,0.08,0.07200000000000001,LONG,08_reversal_long_6Hutc
0,4,25,20,5,10,SUIUSDT,2025-01-07 12:00:00,5.1324,2025-01-08 06:00:00,4.61916,15.587249629802823,-8.151999999999996,SL,0.08,0.07200000000000002,LONG,08_reversal_long_6Hutc
0,4,25,20,5,10,ETHUSDT,2025-01-07 12:00:00,3638.54,2025-01-08 12:00:00,3274.686,0.021986840875735873,-8.151999999999996,SL,0.08,0.07200000000000002,LONG,08_reversal_long_6Hutc
0,4,25,20,5,10,XRPUSDT,2025-01-07 12:00:00,2.4215,2025-01-11 18:00:00,2.5425750000000003,33.03737352880446,3.8360000000000087,TP,0.08,0.084,LONG,08_reversal_long_6Hutc
0,4,25,20,5,10,BTCUSDT,2025-01-07 12:00:00,100781.9,2025-01-13 12:00:00,90703.70999999999,0.0007937933299530967,-8.152000000000001,SL,0.08,0.07200000000000001,LONG,08_reversal_long_6Hutc
0,4,25,20,5,10,XRPUSDT,2025-01-13 18:00:00,2.4453,2025-01-14 06:00:00,2.567565,32.7158221895064,3.8360000000000016,TP,0.08,0.084,LONG,08_reversal_long_6Hutc
0,4,25,20,5,10,HYPEUSDT,2025-01-14 06:00:00,21.878,2025-01-14 06:00:00,22.9719,3.656641374897157,3.836000000000005,TP,0.08,0.084,LONG,08_reversal_long_6Hutc
0,4,25,20,5,10,XRPUSDT,2025-01-14 06:00:00,2.5257,2025-01-14 12:00:00,2.6519850000000003,31.674387298570693,3.836000000000006,TP,0.08,0.08400000000000002,LONG,08_reversal_long_6Hutc
0,4,25,20,5,10,DOGEUSDT,2025-01-14 06:00:00,0.34217,2025-01-14 18:00:00,0.3592785,233.80191133062513,3.836000000000006,TP,0.08,0.084,LONG,08_reversal_long_6Hutc
0,4,25,20,5,10,XRPUSDT,2025-01-14 18:00:00,2.6563,2025-01-15 00:00:00,2.789115,30.11708014907955,3.835999999999997,TP,0.08,0.084,LONG,08_reversal_long_6Hutc
0,4,25,20,5,10,ADAUSDT,2025-01-14 18:00:00,0.9914,2025-01-15 06:00:00,1.04097,80.69396812588259,3.836,TP,0.08,0.084,LONG,08_reversal_long_6Hutc
0,4,25,20,5,10,DOGEUSDT,2025-01-14 18:00:00,0.3566,2025-01-15 12:00:00,0.37443,224.34099831744254,3.8360000000000034,TP,0.08,0.08400000000000002,LONG,08_reversal_long_6Hutc
0,4,25,20,5,10,HYPEUSDT,2025-01-14 18:00:00,22.743,2025-01-15 12:00:00,23.88015,3.5175658444356506,3.836000000000007,TP,0.08,0.084,LONG,08_reversal_long_6Hutc
0,4,25,20,5,10,BTCUSDT,2025-01-14 18:00:00,96481.2,2025-01-17 00:00:00,101305.26,0.0008291770832037744,3.835999999999998,TP,0.08,0.084,LONG,08_reversal_long_6Hutc
0,4,25,20,5,10,DOGEUSDT,2025-01-17 00:00:00,0.37628,2025-01-17 06:00:00,0.395094,212.60763261401084,3.8359999999999994,TP,0.08,0.084,LONG,08_reversal_long_6Hutc
0,4,25,20,5,10,ADAUSDT,2025-01-17 00:00:00,1.0889,2025-01-17 12:00:00,1.143345,73.46863807512169,3.836000000000006,TP,0.08,0.08400000000000002,LONG,08_reversal_long_6Hutc
0,4,25,20,5,10,BTCUSDT,2025-01-17 00:00:00,99937.4,2025-01-17 12:00:00,104934.27,0.0008005011136971745,3.836000000000008,TP,0.08,0.08400000000000002,LONG,08_reversal_long_6Hutc
0,4,25,20,5,10,SOLUSDT,2025-01-17 00:00:00,210.99,2025-01-17 12:00:00,221.53950000000003,0.3791648893312479,3.8360000000000087,TP,0.08,0.08400000000000002,LONG,08_reversal_long_6Hutc
0,4,25,20,5,10,SUIUSDT,2025-01-17 00:00:00,4.7481,2025-01-18 18:00:00,4.985505,16.848844801078325,3.835999999999997,TP,0.08,0.084,LONG,08_reversal_long_6Hutc
0,4,25,20,5,10,ADAUSDT,2025-01-18 18:00:00,1.0552,2025-01-19 00:00:00,1.10796,75.81501137225172,3.8360000000000114,TP,0.08,0.08400000000000002,LONG,08_reversal_long_6Hutc
0,4,25,20,5,10,DOGEUSDT,2025-01-18 18:00:00,0.38866,2025-01-19 00:00:00,0.40809300000000004,205.83543457006124,3.836000000000007,TP,0.08,0.08400000000000002,LONG,08_reversal_long_6Hutc
0,4,25,20,5,10,SUIUSDT,2025-01-18 18:00:00,4.9004,2025-01-19 18:00:00,4.410360000000001,16.325197943025056,-8.15199999999999,SL,0.08,0.07200000000000001,LONG,08_reversal_long_6Hutc
0,4,25,20,5,10,BTCUSDT,2025-01-18 18:00:00,103784.0,2025-01-20 06:00:00,108973.20000000001,0.0007708317274339011,3.8360000000000087,TP,0.08,0.084,LONG,08_reversal_long_6Hutc
0,4,25,20,5,10,BTCUSDT,2025-01-20 06:00:00,102330.4,2025-01-20 06:00:00,107446.92,0.0007817813670228985,3.8360000000000034,TP,0.08,0.08400000000000002,LONG,08_reversal_long_6Hutc
0,4,25,20,5,10,ADAUSDT,2025-01-20 12:00:00,1.0832,2025-01-21 00:00:00,0.97488,73.8552437223043,-8.151999999999997,SL,0.08,0.07200000000000002,LONG,08_reversal_long_6Hutc
0,4,25,20,5,10,DOGEUSDT,2025-01-20 12:00:00,0.38241,2025-01-21 00:00:00,0.34416900000000006,209.199550220967,-8.151999999999992,SL,0.08,0.07200000000000002,LONG,08_reversal_long_6Hutc
0,4,25,20,5,10,SOLUSDT,2025-01-20 12:00:00,260.625,2025-01-21 00:00:00,234.5625,0.3069544364508393,-8.151999999999997,SL,0.08,0.07200000000000001,LONG,08_reversal_long_6Hutc
0,4,25,20,5,10,SUIUSDT,2025-01-20 12:00:00,4.7536,2025-01-21 00:00:00,4.278239999999999,16.82935038707506,-8.152000000000003,SL,0.08,0.07200000000000001,LONG,08_reversal_long_6Hutc
0,4,25,20,5,10,XRPUSDT,2025-01-20 12:00:00,3.3269,2025-01-27 00:00:00,2.9942100000000003,24.046409570471006,-8.151999999999996,SL,0.08,0.07200000000000001,LONG,08_reversal_long_6Hutc
0,4,25,20,5,10,ETHUSDT,2025-01-20 12:00:00,3375.67,2025-01-27 06:00:00,3038.103,0.023698999013529166,-8.152,SL,0.08,0.07200000000000001,LONG,08_reversal_long_6Hutc
0,4,25,20,5,10,BTCUSDT,2025-01-20 12:00:00,108267.5,2025-02-02 00:00:00,100207.2,0.0007389105687302283,-6.109885016279126,SELL_AFTER,0.08,0.07404415914286373,LONG,08_reversal_long_6Hutc
0,4,25,20,5,10,HYPEUSDT,2025-02-03 18:00:00,24.634,2025-02-03 18:00:00,25.8657,3.2475440448161077,3.836,TP,0.08,0.084,LONG,08_reversal_long_6Hutc
0,4,25,20,5,10,HYPEUSDT,2025-02-04 00:00:00,25.136,2025-02-04 12:00:00,26.3928,3.182686187141948,3.836000000000006,TP,0.08,0.08400000000000002,LONG,08_reversal_long_6Hutc
0,4,25,20,5,10,HYPEUSDT,2025-02-04 12:00:00,25.219,2025-02-04 12:00:00,26.479950000000002,3.1722114278916687,3.8360000000000034,TP,0.08,0.084,LONG,08_reversal_long_6Hutc
0,4,25,20,5,10,HYPEUSDT,2025-02-04 18:00:00,26.607,2025-02-06 12:00:00,23.9463,3.006727552899613,-8.151999999999994,SL,0.08,0.07200000000000001,LONG,08_reversal_long_6Hutc
0,4,25,20,5,10,HYPEUSDT,2025-02-06 12:00:00,25.464,2025-02-07 12:00:00,22.9176,3.141690229343387,-8.151999999999994,SL,0.08,0.07200000000000002,LONG,08_reversal_long_6Hutc
0,4,25,20,5,10,XRPUSDT,2025-02-09 06:00:00,2.4674,2025-02-13 18:00:00,2.59077,32.42279322363622,3.8359999999999994,TP,0.08,0.08400000000000002,LONG,08_reversal_long_6Hutc
0,4,25,20,5,10,SOLUSDT,2025-02-09 06:00:00,206.149,2025-02-17 00:00:00,185.5341,0.38806882400593745,-8.152000000000001,SL,0.08,0.07200000000000001,LONG,08_reversal_long_6Hutc
0,4,25,20,5,10,HYPEUSDT,2025-02-17 00:00:00,26.805,2025-02-18 06:00:00,24.1245,2.9845178138407014,-8.151999999999994,SL,0.08,0.07200000000000001,LONG,08_reversal_long_6Hutc
0,4,25,20,5,10,XRPUSDT,2025-02-17 00:00:00,2.7277,2025-02-24 00:00:00,2.45493,29.32873849763537,-8.151999999999997,SL,0.08,0.07200000000000001,LONG,08_reversal_long_6Hutc
0,4,25,20,5,10,SUIUSDT,2025-02-24 00:00:00,3.3759,2025-02-24 12:00:00,3.03831,23.697384401196718,-8.152000000000001,SL,0.08,0.07200000000000001,LONG,08_reversal_long_6Hutc
0,4,25,20,5,10,ETHUSDT,2025-02-24 00:00:00,2818.55,2025-02-24 18:00:00,2536.695,0.028383388621809086,-8.152,SL,0.08,0.07200000000000001,LONG,08_reversal_long_6Hutc
0,4,25,20,5,10,XRPUSDT,2025-03-02 06:00:00,2.264,2025-03-02 12:00:00,2.3771999999999998,35.3356890459364,3.835999999999999,TP,0.08,0.084,LONG,08_reversal_long_6Hutc
0,4,25,20,5,10,SOLUSDT,2025-03-02 12:00:00,143.452,2025-03-02 12:00:00,150.62460000000002,0.5576778295178875,3.8360000000000087,TP,0.08,0.084,LONG,08_reversal_long_6Hutc
0,4,25,20,5,10,XRPUSDT,2025-03-02 12:00:00,2.273,2025-03-02 12:00:00,2.3866500000000004,35.19577650681918,3.8360000000000087,TP,0.08,0.084,LONG,08_reversal_long_6Hutc
0,4,25,20,5,10,ADAUSDT,2025-03-02 18:00:00,1.0315,2025-03-02 18:00:00,1.0830750000000002,77.55695588948133,3.8360000000000105,TP,0.08,0.08400000000000002,LONG,08_reversal_long_6Hutc
0,4,25,20,5,10,XRPUSDT,2025-03-02 18:00:00,2.873,2025-03-03 06:00:00,2.5857,27.845457709711102,-8.152000000000003,SL,0.08,0.07200000000000001,LONG,08_reversal_long_6Hutc
0,4,25,20,5,10,SOLUSDT,2025-03-02 18:00:00,171.285,2025-03-03 12:00:00,154.1565,0.4670578275972794,-8.152000000000001,SL,0.08,0.07200000000000001,LONG,08_reversal_long_6Hutc
0,4,25,20,5,10,SUIUSDT,2025-03-02 18:00:00,3.1756,2025-03-03 12:00:00,2.8580400000000004,25.192089683839274,-8.151999999999994,SL,0.08,0.07200000000000002,LONG,08_reversal_long_6Hutc
0,4,25,20,5,10,DOGEUSDT,2025-03-02 18:00:00,0.23098,2025-03-03 18:00:00,0.20788199999999998,346.3503333621959,-8.152000000000003,SL,0.08,0.07200000000000001,LONG,08_reversal_long_6Hutc
0,4,25,20,5,10,ETHUSDT,2025-03-02 18:00:00,2479.82,2025-03-03 18:00:00,2231.838,0.032260405997209474,-8.151999999999997,SL,0.08,0.07200000000000001,LONG,08_reversal_long_6Hutc
0,4,25,20,5,10,HYPEUSDT,2025-03-02 18:00:00,20.715,2025-03-03 18:00:00,18.6435,3.861935795317403,-8.152000000000001,SL,0.08,0.07200000000000001,LONG,08_reversal_long_6Hutc
0,4,25,20,5,10,BTCUSDT,2025-03-02 18:00:00,94039.9,2025-03-04 00:00:00,84635.91,0.0008507027336268967,-8.15199999999999,SL,0.08,0.07200000000000001,LONG,08_reversal_long_6Hutc
0,4,25,20,5,10,XRPUSDT,2025-03-04 00:00:00,2.3857,2025-03-04 12:00:00,2.504985,33.53313492895167,3.8360000000000025,TP,0.08,0.084,LONG,08_reversal_long_6Hutc
0,4,25,20,5,10,ADAUSDT,2025-03-04 18:00:00,0.9255,2025-03-05 00:00:00,0.971775,86.4397622906537,3.836000000000006,TP,0.08,0.08400000000000002,LONG,08_reversal_long_6Hutc
0,4,25,20,5,10,XRPUSDT,2025-03-04 18:00:00,2.4454,2025-03-06 06:00:00,2.5676699999999997,32.714484337940625,3.8359999999999963,TP,0.08,0.084,LONG,08_reversal_long_6Hutc
0,4,25,20,5,10,ADAUSDT,2025-03-06 06:00:00,0.9423,2025-03-07 00:00:00,0.84807,84.89865223389579,-8.152000000000003,SL,0.08,0.07200000000000001,LONG,08_reversal_long_6Hutc
0,4,25,20,5,10,DOGEUSDT,2025-03-06 06:00:00,0.21718,2025-03-07 00:00:00,0.19546200000000002,368.35804401878625,-8.151999999999994,SL,0.08,0.07200000000000001,LONG,08_reversal_long_6Hutc
0,4,25,20,5,10,XRPUSDT,2025-03-06 06:00:00,2.5233,2025-03-09 06:00:00,2.27097,31.70451393017081,-8.15199999999999,SL,0.08,0.07200000000000001,LONG,08_reversal_long_6Hutc
0,4,25,20,5,10,BTCUSDT,2025-03-06 06:00:00,92704.9,2025-03-09 12:00:00,83434.41,0.0008629533066752675,-8.151999999999992,SL,0.08,0.07200000000000002,LONG,08_reversal_long_6Hutc
0,4,25,20,5,10,ETHUSDT,2025-03-06 06:00:00,2312.24,2025-03-09 12:00:00,2081.016,0.03459848458637512,-8.15199999999999,SL,0.08,0.07200000000000002,LONG,08_reversal_long_6Hutc
0,4,25,20,5,10,SOLUSDT,2025-03-06 06:00:00,149.901,2025-03-09 12:00:00,134.91090000000003,0.5336855658067657,-8.151999999999989,SL,0.08,0.07200000000000001,LONG,08_reversal_long_6Hutc
0,4,25,20,5,10,XRPUSDT,2025-03-13 12:00:00,2.2831,2025-03-15 00:00:00,2.3972550000000004,35.04007708816959,3.836000000000007,TP,0.08,0.084,LONG,08_reversal_long_6Hutc
0,4,25,20,5,10,XRPUSDT,2025-03-15 00:00:00,2.3552,2025-03-15 00:00:00,2.47296,33.96739130434783,3.8360000000000034,TP,0.08,0.084,LONG,08_reversal_long_6Hutc
0,4,25,20,5,10,SOLUSDT,2025-03-15 00:00:00,133.496,2025-03-24 06:00:00,140.1708,0.5992688919518188,3.8360000000000025,TP,0.08,0.084,LONG,08_reversal_long_6Hutc
0,4,25,20,5,10,BTCUSDT,2025-03-15 00:00:00,83939.9,2025-03-24 12:00:00,88136.895,0.0009530628461554041,3.8360000000000096,TP,0.08,0.084,LONG,08_reversal_long_6Hutc
0,4,25,20,5,10,DOGEUSDT,2025-03-15 00:00:00,0.17182,2025-03-24 12:00:00,0.18041100000000002,465.60353858689325,3.836000000000007,TP,0.08,0.084,LONG,08_reversal_long_6Hutc
0,4,25,20,5,10,DOGEUSDT,2025-03-24 12:00:00,0.17691,2025-03-24 18:00:00,0.18575550000000002,452.2073370640438,3.8360000000000025,TP,0.08,0.084,LONG,08_reversal_long_6Hutc
0,4,25,20,5,10,ADAUSDT,2025-03-24 12:00:00,0.7316,2025-03-26 06:00:00,0.7681800000000001,109.34937124111536,3.836000000000006,TP,0.08,0.08400000000000002,LONG,08_reversal_long_6Hutc
0,4,25,20,5,10,SUIUSDT,2025-03-24 12:00:00,2.4079,2025-03-26 06:00:00,2.5282950000000004,33.223971095145146,3.836000000000008,TP,0.08,0.08400000000000002,LONG,08_reversal_long_6Hutc
0,4,25,20,5,10,HYPEUSDT,2025-03-24 12:00:00,17.167,2025-03-26 12:00:00,15.450300000000002,4.660103687307042,-8.151999999999996,SL,0.08,0.07200000000000001,LONG,08_reversal_long_6Hutc
0,4,25,20,5,10,ETHUSDT,2025-03-24 12:00:00,2091.68,2025-03-28 06:00:00,1882.512,0.03824676814809149,-8.151999999999996,SL,0.08,0.07200000000000001,LONG,08_reversal_long_6Hutc
0,4,25,20,5,10,XRPUSDT,2025-03-24 12:00:00,2.4578,2025-03-28 06:00:00,2.2120200000000003,32.54943445357637,-8.151999999999994,SL,0.08,0.07200000000000001,LONG,08_reversal_long_6Hutc
0,4,25,20,5,10,SOLUSDT,2025-03-24 12:00:00,143.333,2025-03-28 12:00:00,128.9997,0.5581408328856579,-8.152000000000003,SL,0.08,0.07199999999999998,LONG,08_reversal_long_6Hutc
0,4,25,20,5,10,BTCUSDT,2025-03-24 12:00:00,87643.5,2025-04-06 00:00:00,83411.2,0.0009127887407508828,-4.019332591692484,SELL_AFTER,0.08,0.07613680421252003,LONG,08_reversal_long_6Hutc
0,4,25,20,5,10,XRPUSDT,2025-04-06 00:00:00,2.143,2025-04-06 18:00:00,1.9286999999999999,37.330844610359314,-8.151999999999997,SL,0.08,0.07200000000000001,LONG,08_reversal_long_6Hutc
0,4,25,20,5,10,HYPEUSDT,2025-04-08 06:00:00,11.935,2025-04-08 12:00:00,10.7415,6.702974444909929,-8.152000000000001,SL,0.08,0.07200000000000001,LONG,08_reversal_long_6Hutc
0,4,25,20,5,10,HYPEUSDT,2025-04-08 12:00:00,12.216,2025-04-08 12:00:00,10.994399999999999,6.5487884741322855,-8.152000000000003,SL,0.08,0.07199999999999998,LONG,08_reversal_long_6Hutc
0,4,25,20,5,10,HYPEUSDT,2025-04-09 06:00:00,12.222,2025-04-09 12:00:00,12.8331,6.545573555882834,3.8360000000000025,TP,0.08,0.084,LONG,08_reversal_long_6Hutc
0,4,25,20,5,10,HYPEUSDT,2025-04-09 12:00:00,12.182,2025-04-09 12:00:00,12.7911,6.567066163191594,3.835999999999998,TP,0.08,0.084,LONG,08_reversal_long_6Hutc
0,4,25,20,5,10,HYPEUSDT,2025-04-09 18:00:00,14.196,2025-04-11 00:00:00,14.905800000000001,5.635390250774866,3.836000000000007,TP,0.08,0.084,LONG,08_reversal_long_6Hutc
0,4,25,20,5,10,SOLUSDT,2025-04-09 18:00:00,119.306,2025-04-12 06:00:00,125.2713,0.6705446498918747,3.8359999999999994,TP,0.08,0.084,LONG,08_reversal_long_6Hutc
0,4,25,20,5,10,SUIUSDT,2025-04-09 18:00:00,2.245,2025-04-12 12:00:00,2.35725,35.634743875278396,3.8359999999999985,TP,0.08,0.084,LONG,08_reversal_long_6Hutc
0,4,25,20,5,10,XRPUSDT,2025-04-09 18:00:00,2.0699,2025-04-12 12:00:00,2.173395,38.64921010676844,3.8360000000000043,TP,0.08,0.08400000000000002,LONG,08_reversal_long_6Hutc
0,4,25,20,5,10,DOGEUSDT,2025-04-09 18:00:00,0.16131,2025-04-12 18:00:00,0.1693755,495.9394953815634,3.8360000000000007,TP,0.08,0.084,LONG,08_reversal_long_6Hutc
0,4,25,20,5,10,BTCUSDT,2025-04-09 18:00:00,82159.9,2025-04-15 12:00:00,86267.895,0.0009737110196093229,3.8360000000000096,TP,0.08,0.08400000000000002,LONG,08_reversal_long_6Hutc
0,4,25,20,5,10,ADAUSDT,2025-04-09 18:00:00,0.6369,2025-04-22 06:00:00,0.6404,125.60841576385617,0.2791898257183165,SELL_AFTER,0.08,0.0804396294551735,LONG,08_reversal_long_6Hutc
0,4,25,20,5,10,ADAUSDT,2025-04-22 06:00:00,0.6259,2025-04-22 12:00:00,0.6571950000000001,127.81594503914363,3.8360000000000087,TP,0.08,0.08400000000000002,LONG,08_reversal_long_6Hutc
0,4,25,20,5,10,DOGEUSDT,2025-04-22 06:00:00,0.16135,2025-04-22 12:00:00,0.1694175,495.8165478772854,3.8360000000000025,TP,0.08,0.084,LONG,08_reversal_long_6Hutc
0,4,25,20,5,10,SOLUSDT,2025-04-22 06:00:00,139.359,2025-04-22 12:00:00,146.32695,0.5740569320962406,3.8360000000000007,TP,0.08,0.084,LONG,08_reversal_long_6Hutc
0,4,25,20,5,10,SUIUSDT,2025-04-22 06:00:00,2.2526,2025-04-22 12:00:00,2.3652300000000004,35.514516558643344,3.836000000000008,TP,0.08,0.08400000000000002,LONG,08_reversal_long_6Hutc
0,4,25,20,5,10,BTCUSDT,2025-04-22 06:00:00,88347.5,2025-04-22 18:00:00,92764.875,0.0009055151532301423,3.836,TP,0.08,0.084,LONG,08_reversal_long_6Hutc
0,4,25,20,5,10,HYPEUSDT,2025-04-22 06:00:00,18.576,2025-04-30 18:00:00,19.504800000000003,4.306632213608958,3.8360000000000105,TP,0.08,0.08400000000000002,LONG,08_reversal_long_6Hutc
0,4,25,20,5,10,HYPEUSDT,2025-04-30 18:00:00,18.706,2025-04-30 18:00:00,19.6413,4.276702662247407,3.836000000000007,TP,0.08,0.084,LONG,08_reversal_long_6Hutc
0,4,25,20,5,10,HYPEUSDT,2025-05-01 00:00:00,20.025,2025-05-01 12:00:00,21.02625,3.995006242197254,3.8360000000000096,TP,0.08,0.08400000000000002,LONG,08_reversal_long_6Hutc
0,4,25,20,5,10,HYPEUSDT,2025-05-01 12:00:00,20.016,2025-05-01 12:00:00,21.0168,3.9968025579536373,3.836000000000007,TP,0.08,0.084,LONG,08_reversal_long_6Hutc
0,4,25,20,5,10,SUIUSDT,2025-05-01 12:00:00,3.6819,2025-05-03 12:00:00,3.3137100000000004,21.727912219234632,-8.151999999999994,SL,0.08,0.07200000000000001,LONG,08_reversal_long_6Hutc
0,4,25,20,5,10,ETHUSDT,2025-05-01 12:00:00,1844.78,2025-05-08 06:00:00,1937.019,0.043365604570734725,3.8360000000000016,TP,0.08,0.08400000000000002,LONG,08_reversal_long_6Hutc
0,4,25,20,5,10,ADAUSDT,2025-05-01 12:00:00,0.7064,2025-05-08 12:00:00,0.74172,113.25028312570781,3.8360000000000016,TP,0.08,0.084,LONG,08_reversal_long_6Hutc
0,4,25,20,5,10,BTCUSDT,2025-05-01 12:00:00,96120.5,2025-05-08 12:00:00,100926.52500000001,0.0008322886376995542,3.836000000000007,TP,0.08,0.08400000000000002,LONG,08_reversal_long_6Hutc
0,4,25,20,5,10,DOGEUSDT,2025-05-01 12:00:00,0.17933,2025-05-08 12:00:00,0.1882965,446.1049461885909,3.836000000000007,TP,0.08,0.084,LONG,08_reversal_long_6Hutc
0,4,25,20,5,10,SOLUSDT,2025-05-01 12:00:00,151.664,2025-05-08 12:00:00,159.2472,0.5274818018778352,3.8360000000000025,TP,0.08,0.084,LONG,08_reversal_long_6Hutc
0,4,25,20,5,10,XRPUSDT,2025-05-01 12:00:00,2.2361,2025-05-09 06:00:00,2.347905,35.77657528733062,3.8359999999999976,TP,0.08,0.084,LONG,08_reversal_long_6Hutc
0,4,25,20,5,10,ADAUSDT,2025-05-09 06:00:00,0.7613,2025-05-09 06:00:00,0.799365,105.0834099566531,3.8360000000000016,TP,0.08,0.084,LONG,08_reversal_long_6Hutc
0,4,25,20,5,10,DOGEUSDT,2025-05-09 06:00:00,0.19552,2025-05-09 06:00:00,0.205296,409.16530278232403,3.8360000000000025,TP,0.08,0.084,LONG,08_reversal_long_6Hutc
0,4,25,20,5,10,ETHUSDT,2025-05-09 06:00:00,2214.08,2025-05-09 06:00:00,2324.784,0.03613238907356554,3.836000000000006,TP,0.08,0.084,LONG,08_reversal_long_6Hutc
0,4,25,20,5,10,SOLUSDT,2025-05-09 06:00:00,162.805,2025-05-09 06:00:00,170.94525000000002,0.49138539971131107,3.8360000000000043,TP,0.08,0.084,LONG,08_reversal_long_6Hutc
0,4,25,20,5,10,XRPUSDT,2025-05-09 06:00:00,2.2963,2025-05-09 06:00:00,2.411115,34.838653486042766,3.8360000000000043,TP,0.08,0.08400000000000002,LONG,08_reversal_long_6Hutc
0,4,25,20,5,10,SUIUSDT,2025-05-09 06:00:00,3.9028,2025-05-10 18:00:00,4.09794,20.4981039253869,3.836000000000006,TP,0.08,0.084,LONG,08_reversal_long_6Hutc
0,4,25,20,5,10,BTCUSDT,2025-05-09 06:00:00,102938.0,2025-05-21 12:00:00,108084.90000000001,0.0007771668382910101,3.836000000000007,TP,0.08,0.084,LONG,08_reversal_long_6Hutc
0,4,25,20,5,10,DOGEUSDT,2025-05-21 12:00:00,0.22649,2025-05-21 12:00:00,0.2378145,353.21647754867763,3.836000000000005,TP,0.08,0.084,LONG,08_reversal_long_6Hutc
0,4,25,20,5,10,HYPEUSDT,2025-05-21 12:00:00,26.658,2025-05-21 12:00:00,27.990900000000003,3.0009753169780176,3.836000000000006,TP,0.08,0.084,LONG,08_reversal_long_6Hutc
0,4,25,20,5,10,SUIUSDT,2025-05-21 12:00:00,3.8732,2025-05-21 12:00:00,4.06686,20.654755757513165,3.835999999999998,TP,0.08,0.08399999999999999,LONG,08_reversal_long_6Hutc
0,4,25,20,5,10,BTCUSDT,2025-05-21 12:00:00,106496.1,2025-05-22 00:00:00,111820.90500000001,0.0007512012176971738,3.836000000000005,TP,0.08,0.084,LONG,08_reversal_long_6Hutc
0,4,25,20,5,10,ETHUSDT,2025-05-21 12:00:00,2535.63,2025-05-22 06:00:00,2662.4115,0.0315503444903239,3.8360000000000007,TP,0.08,0.084,LONG,08_reversal_long_6Hutc
0,4,25,20,5,10,SOLUSDT,2025-05-21 12:00:00,169.281,2025-05-22 06:00:00,177.74505000000002,0.47258700031308887,3.836000000000007,TP,0.08,0.084,LONG,08_reversal_long_6Hutc
0,4,25,20,5,10,HYPEUSDT,2025-05-22 06:00:00,30.729,2025-05-22 12:00:00,32.26545,2.6034039506654953,3.836000000000005,TP,0.08,0.08400000000000002,LONG,08_reversal_long_6Hutc
0,4,25,20,5,10,ADAUSDT,2025-05-22 06:00:00,0.7841,2025-05-23 00:00:00,0.8233050000000001,102.027802576202,3.8360000000000043,TP,0.08,0.084,LONG,08_reversal_long_6Hutc
0,4,25,20,5,10,DOGEUSDT,2025-05-22 06:00:00,0.23816,2025-05-23 00:00:00,0.250068,335.9086328518643,3.8360000000000007,TP,0.08,0.084,LONG,08_reversal_long_6Hutc
0,4,25,20,5,10,SOLUSDT,2025-05-22 06:00:00,175.8,2025-05-23 00:00:00,184.59000000000003,0.4550625711035267,3.8360000000000087,TP,0.08,0.08400000000000002,LONG,08_reversal_long_6Hutc
0,4,25,20,5,10,SUIUSDT,2025-05-22 06:00:00,4.0322,2025-05-23 12:00:00,3.62898,19.840285700114084,-8.151999999999994,SL,0.08,0.07200000000000001,LONG,08_reversal_long_6Hutc
0,4,25,20,5,10,ETHUSDT,2025-05-22 06:00:00,2608.81,2025-05-29 00:00:00,2739.2505,0.030665322503363603,3.8360000000000043,TP,0.08,0.084,LONG,08_reversal_long_6Hutc
0,4,25,20,5,10,XRPUSDT,2025-05-22 06:00:00,2.4004,2025-05-30 00:00:00,2.16036,33.32777870354941,-8.152000000000001,SL,0.08,0.07200000000000001,LONG,08_reversal_long_6Hutc
0,4,25,20,5,10,BTCUSDT,2025-05-22 06:00:00,110833.9,2025-06-03 18:00:00,105329.1,0.0007218008208679836,-4.129395789555353,SELL_AFTER,0.08,0.07602663084128594,LONG,08_reversal_long_6Hutc
0,4,25,20,5,10,HYPEUSDT,2025-06-03 18:00:00,36.761,2025-06-05 18:00:00,33.084900000000005,2.176219362911781,-8.151999999999994,SL,0.08,0.07200000000000001,LONG,08_reversal_long_6Hutc
0,4,25,20,5,10,SOLUSDT,2025-06-03 18:00:00,161.088,2025-06-05 18:00:00,144.9792,0.49662296384584825,-8.152000000000001,SL,0.08,0.07200000000000001,LONG,08_reversal_long_6Hutc
0,4,25,20,5,10,ETHUSDT,2025-06-03 18:00:00,2617.84,2025-06-10 06:00:00,2748.7320000000004,0.030559545273966322,3.836000000000008,TP,0.08,0.08400000000000002,LONG,08_reversal_long_6Hutc
0,4,25,20,5,10,BTCUSDT,2025-06-03 18:00:00,105880.0,2025-06-16 06:00:00,106845.1,0.0007555723460521345,0.5684736683037445,SELL_AFTER,0.08,0.08072920287117492,LONG,08_reversal_long_6Hutc
0,4,25,20,5,10,XRPUSDT,2025-06-03 18:00:00,2.2467,2025-06-16 06:00:00,2.2442,35.60778029999555,-0.24893043129923698,SELL_AFTER,0.08,0.07991098054925001,LONG,08_reversal_long_6Hutc
0,4,25,20,5,10,HYPEUSDT,2025-06-16 06:00:00,43.559,2025-06-16 12:00:00,45.73695,1.836589453385064,3.836000000000005,TP,0.08,0.084,LONG,08_reversal_long_6Hutc
0,4,25,20,5,10,SOLUSDT,2025-06-16 06:00:00,156.66,2025-06-20 12:00:00,140.994,0.5106600280863015,-8.151999999999997,SL,0.08,0.07200000000000001,LONG,08_reversal_long_6Hutc
0,4,25,20,5,10,ETHUSDT,2025-06-20 12:00:00,2548.53,2025-06-21 18:00:00,2293.677,0.03139064480308256,-8.152000000000001,SL,0.08,0.07200000000000001,LONG,08_reversal_long_6Hutc
0,4,25,20,5,10,BTCUSDT,2025-06-20 12:00:00,105933.4,2025-07-03 00:00:00,109296.4,0.0007551914693571622,2.377169202536688,SELL_AFTER,0.08,0.08253970891144813,LONG,08_reversal_long_6Hutc
0,4,25,20,5,10,SUIUSDT,2025-07-03 00:00:00,2.8972,2025-07-03 06:00:00,3.04206,27.612867596299875,3.8359999999999994,TP,0.08,0.084,LONG,08_reversal_long_6Hutc
0,4,25,20,5,10,DOGEUSDT,2025-07-03 00:00:00,0.1686,2025-07-07 00:00:00,0.17703000000000002,474.4958481613286,3.8360000000000096,TP,0.08,0.08400000000000002,LONG,08_reversal_long_6Hutc
0,4,25,20,5,10,XRPUSDT,2025-07-03 00:00:00,2.2325,2025-07-07 12:00:00,2.344125,35.83426651735722,3.8360000000000025,TP,0.08,0.084,LONG,08_reversal_long_6Hutc
0,4,25,20,5,10,ADAUSDT,2025-07-03 00:00:00,0.5835,2025-07-09 12:00:00,0.6126750000000001,137.10368466152528,3.8360000000000087,TP,0.08,0.08400000000000002,LONG,08_reversal_long_6Hutc
0,4,25,20,5,10,ETHUSDT,2025-07-03 00:00:00,2569.41,2025-07-09 18:00:00,2697.8804999999998,0.031135552519839186,3.8359999999999967,TP,0.08,0.084,LONG,08_reversal_long_6Hutc
0,4,25,20,5,10,HYPEUSDT,2025-07-03 00:00:00,39.829,2025-07-10 00:00:00,41.82045,2.0085867081774587,3.8360000000000007,TP,0.08,0.084,LONG,08_reversal_long_6Hutc
0,4,25,20,5,10,SOLUSDT,2025-07-03 00:00:00,152.217,2025-07-10 12:00:00,159.82785,0.5255654756039075,3.835999999999999,TP,0.08,0.084,LONG,08_reversal_long_6Hutc
0,4,25,20,5,10,BTCUSDT,2025-07-03 00:00:00,108806.7,2025-07-10 18:00:00,114247.035,0.0007352488403747196,3.8360000000000043,TP,0.08,0.084,LONG,08_reversal_long_6Hutc
0,4,25,20,5,10,DOGEUSDT,2025-07-10 18:00:00,0.18603,2025-07-10 18:00:00,0.19533150000000002,430.0381658872225,3.836000000000008,TP,0.08,0.084,LONG,08_reversal_long_6Hutc
0,4,25,20,5,10,ETHUSDT,2025-07-10 18:00:00,2828.89,2025-07-10 18:00:00,2970.3345,0.028279643252300375,3.8360000000000016,TP,0.08,0.084,LONG,08_reversal_long_6Hutc
0,4,25,20,5,10,ADAUSDT,2025-07-10 18:00:00,0.6573,2025-07-11 00:00:00,0.690165,121.7100258633805,3.8360000000000034,TP,0.08,0.084,LONG,08_reversal_long_6Hutc
0,4,25,20,5,10,HYPEUSDT,2025-07-10 18:00:00,43.105,2025-07-11 00:00:00,45.26025,1.8559331864052895,3.8360000000000043,TP,0.08,0.084,LONG,08_reversal_long_6Hutc
0,4,25,20,5,10,XRPUSDT,2025-07-10 18:00:00,2.4961,2025-07-11 06:00:00,2.6209050000000005,32.04999799687512,3.836000000000008,TP,0.08,0.084,LONG,08_reversal_long_6Hutc
0,4,25,20,5,10,BTCUSDT,2025-07-10 18:00:00,113673.1,2025-07-13 12:00:00,119356.755,0.000703772484431233,3.835999999999999,TP,0.08,0.084,LONG,08_reversal_long_6Hutc
0,4,25,20,5,10,SUIUSDT,2025-07-10 18:00:00,3.4307,2025-07-14 00:00:00,3.602235,23.318856210102897,3.836,TP,0.08,0.084,LONG,08_reversal_long_6Hutc
0,4,25,20,5,10,SOLUSDT,2025-07-10 18:00:00,160.845,2025-07-16 12:00:00,168.88725,0.4973732475364481,3.8359999999999976,TP,0.08,0.084,LONG,08_reversal_long_6Hutc
0,4,25,20,5,10,ADAUSDT,2025-07-16 12:00:00,0.7453,2025-07-16 18:00:00,0.782565,107.33932644572656,3.835999999999999,TP,0.08,0.084,LONG,08_reversal_long_6Hutc
0,4,25,20,5,10,DOGEUSDT,2025-07-16 12:00:00,0.20096,2025-07-16 18:00:00,0.211008,398.0891719745223,3.8360000000000007,TP,0.08,0.084,LONG,08_reversal_long_6Hutc
0,4,25,20,5,10,SOLUSDT,2025-07-16 12:00:00,166.655,2025-07-16 18:00:00,174.98775,0.48003360235216463,3.8360000000000016,TP,0.08,0.084,LONG,08_reversal_long_6Hutc
0,4,25,20,5,10,XRPUSDT,2025-07-16 12:00:00,2.9531,2025-07-16 18:00:00,3.1007550000000004,27.090176424773965,3.836000000000008,TP,0.08,0.084,LONG,08_reversal_long_6Hutc
0,4,25,20,5,10,BTCUSDT,2025-07-16 12:00:00,118741.1,2025-07-29 00:00:00,118757.6,0.0006737347051694821,-0.14889449398733884,SELL_AFTER,0.08,0.08001111662263528,LONG,08_reversal_long_6Hutc
0,4,25,20,5,10,HYPEUSDT,2025-07-29 00:00:00,43.767,2025-08-01 06:00:00,39.3903,1.8278611739438388,-8.151999999999997,SL,0.08,0.07200000000000001,LONG,08_reversal_long_6Hutc
0,4,25,20,5,10,ETHUSDT,2025-07-29 00:00:00,3795.96,2025-08-02 12:00:00,3416.364,0.021075037671629836,-8.151999999999997,SL,0.08,0.07200000000000001,LONG,08_reversal_long_6Hutc
0,4,25,20,5,10,ETHUSDT,2025-08-04 18:00:00,3680.01,2025-08-07 12:00:00,3864.0105000000003,0.021739071361219126,3.8360000000000016,TP,0.08,0.084,LONG,08_reversal_long_6Hutc
0,4,25,20,5,10,ADAUSDT,2025-08-04 18:00:00,0.7505,2025-08-07 18:00:00,0.788025,106.59560293137909,3.8360000000000034,TP,0.08,0.084,LONG,08_reversal_long_6Hutc
0,4,25,20,5,10,XRPUSDT,2025-08-04 18:00:00,3.0569,2025-08-07 18:00:00,3.2097450000000003,26.17030324838889,3.8360000000000025,TP,0.08,0.084,LONG,08_reversal_long_6Hutc
0,4,25,20,5,10,XRPUSDT,2025-08-07 18:00:00,3.0486,2025-08-07 18:00:00,3.2010300000000003,26.2415534999672,3.836000000000008,TP,0.08,0.08400000000000002,LONG,08_reversal_long_6Hutc
0,4,25,20,5,10,ADAUSDT,2025-08-07 18:00:00,0.7539,2025-08-08 00:00:00,0.791595,106.11486934606711,3.8360000000000034,TP,0.08,0.084,LONG,08_reversal_long_6Hutc
0,4,25,20,5,10,DOGEUSDT,2025-08-07 18:00:00,0.21301,2025-08-08 00:00:00,0.2236605,375.5692221022487,3.8360000000000025,TP,0.08,0.084,LONG,08_reversal_long_6Hutc
0,4,25,20,5,10,HYPEUSDT,2025-08-07 18:00:00,39.174,2025-08-08 00:00:00,41.1327,2.042170827589728,3.8360000000000007,TP,0.08,0.084,LONG,08_reversal_long_6Hutc
0,4,25,20,5,10,SOLUSDT,2025-08-07 18:00:00,169.363,2025-08-08 06:00:00,177.83115,0.47235818921488165,3.8360000000000043,TP,0.08,0.084,LONG,08_reversal_long_6Hutc
0,4,25,20,5,10,SUIUSDT,2025-08-07 18:00:00,3.6877,2025-08-08 06:00:00,3.872085,21.693738644683677,3.836000000000005,TP,0.08,0.084,LONG,08_reversal_long_6Hutc
0,4,25,20,5,10,ETHUSDT,2025-08-07 18:00:00,3828.34,2025-08-08 12:00:00,4019.7570000000005,0.02089678555196247,3.836000000000008,TP,0.08,0.08400000000000002,LONG,08_reversal_long_6Hutc
0,4,25,20,5,10,BTCUSDT,2025-08-07 18:00:00,116467.4,2025-08-11 00:00:00,122290.77,0.000686887489546431,3.836000000000007,TP,0.08,0.084,LONG,08_reversal_long_6Hutc
0,4,25,20,5,10,ETHUSDT,2025-08-11 00:00:00,4248.5,2025-08-12 12:00:00,4460.925,0.018830175356008002,3.8360000000000034,TP,0.08,0.084,LONG,08_reversal_long_6Hutc
0,4,25,20,5,10,ADAUSDT,2025-08-11 00:00:00,0.8014,2025-08-12 18:00:00,0.84147,99.82530571499875,3.8360000000000043,TP,0.08,0.084,LONG,08_reversal_long_6Hutc
0,4,25,20,5,10,SOLUSDT,2025-08-11 00:00:00,182.598,2025-08-12 18:00:00,191.72790000000003,0.43812089946220656,3.8360000000000087,TP,0.08,0.08400000000000002,LONG,08_reversal_long_6Hutc
0,4,25,20,5,10,SUIUSDT,2025-08-11 00:00:00,3.8749,2025-08-13 06:00:00,4.068645,20.645694082427934,3.836000000000005,TP,0.08,0.084,LONG,08_reversal_long_6Hutc
0,4,25,20,5,10,HYPEUSDT,2025-08-11 00:00:00,45.264,2025-08-13 18:00:00,47.52720000000001,1.7674089784376104,3.836000000000008,TP,0.08,0.08400000000000002,LONG,08_reversal_long_6Hutc
0,4,25,20,5,10,BTCUSDT,2025-08-11 00:00:00,119239.9,2025-08-23 12:00:00,115051.2,0.000670916362727577,-2.9674571011884425,SELL_AFTER,0.08,0.07718973263144299,LONG,08_reversal_long_6Hutc
0,4,25,20,5,10,ADAUSDT,2025-08-23 12:00:00,0.916,2025-08-24 18:00:00,0.9618000000000001,87.33624454148472,3.836000000000005,TP,0.08,0.08400000000000002,LONG,08_reversal_long_6Hutc
0,4,25,20,5,10,ETHUSDT,2025-08-23 12:00:00,4704.18,2025-08-24 18:00:00,4939.389,0.017006151975477127,3.8359999999999963,TP,0.08,0.08399999999999999,LONG,08_reversal_long_6Hutc
0,4,25,20,5,10,HYPEUSDT,2025-08-23 12:00:00,43.679,2025-08-24 18:00:00,45.862950000000005,1.8315437624487738,3.836000000000005,TP,0.08,0.084,LONG,08_reversal_long_6Hutc
0,4,25,20,5,10,SOLUSDT,2025-08-23 12:00:00,202.114,2025-08-25 00:00:00,212.21970000000002,0.3958162225278803,3.836000000000005,TP,0.08,0.084,LONG,08_reversal_long_6Hutc
0,4,25,20,5,10,DOGEUSDT,2025-08-23 12:00:00,0.23612,2025-08-25 18:00:00,0.212508,338.810774182619,-8.151999999999997,SL,0.08,0.07200000000000001,LONG,08_reversal_long_6Hutc
0,4,25,20,5,10,SUIUSDT,2025-08-23 12:00:00,3.739,2025-08-25 18:00:00,3.3651,21.396095212623695,-8.151999999999996,SL,0.08,0.07200000000000001,LONG,08_reversal_long_6Hutc
0,4,25,20,5,10,XRPUSDT,2025-08-23 12:00:00,3.0431,2025-09-01 00:00:00,2.73879,26.288981630574085,-8.152000000000001,SL,0.08,0.07200000000000001,LONG,08_reversal_long_6Hutc
0,4,25,20,5,10,BTCUSDT,2025-08-23 12:00:00,115266.6,2025-09-05 00:00:00,111520.3,0.0006940432007190287,-2.7574939488108456,SELL_AFTER,0.08,0.0773999059571463,LONG,08_reversal_long_6Hutc
0,4,25,20,5,10,HYPEUSDT,2025-09-05 00:00:00,45.303,2025-09-05 12:00:00,47.568149999999996,1.7658874688210495,3.8359999999999976,TP,0.08,0.084,LONG,08_reversal_long_6Hutc
0,4,25,20,5,10,DOGEUSDT,2025-09-05 12:00:00,0.21672,2025-09-07 18:00:00,0.227556,369.139904023625,3.8360000000000043,TP,0.08,0.08400000000000002,LONG,08_reversal_long_6Hutc
0,4,25,20,5,10,HYPEUSDT,2025-09-05 12:00:00,47.023,2025-09-08 00:00:00,49.37415000000001,1.7012951109031749,3.836000000000006,TP,0.08,0.084,LONG,08_reversal_long_6Hutc
0,4,25,20,5,10,XRPUSDT,2025-09-05 12:00:00,2.8429,2025-09-08 12:00:00,2.9850450000000004,28.140279292271973,3.836000000000005,TP,0.08,0.084,LONG,08_reversal_long_6Hutc
0,4,25,20,5,10,SOLUSDT,2025-09-05 12:00:00,206.539,2025-09-08 18:00:00,216.86595,0.38733604791346915,3.8360000000000043,TP,0.08,0.084,LONG,08_reversal_long_6Hutc
0,4,25,20,5,10,ADAUSDT,2025-09-05 12:00:00,0.8317,2025-09-09 00:00:00,0.873285,96.188529517855,3.8359999999999985,TP,0.08,0.084,LONG,08_reversal_long_6Hutc
0,4,25,20,5,10,SUIUSDT,2025-09-05 12:00:00,3.3902,2025-09-09 06:00:00,3.5597100000000004,23.59742788036104,3.836000000000006,TP,0.08,0.084,LONG,08_reversal_long_6Hutc
0,4,25,20,5,10,ETHUSDT,2025-09-05 12:00:00,4415.33,2025-09-12 18:00:00,4636.096500000001,0.01811869101516761,3.8360000000000114,TP,0.08,0.08400000000000002,LONG,08_reversal_long_6Hutc
0,4,25,20,5,10,BTCUSDT,2025-09-05 12:00:00,112304.1,2025-09-18 00:00:00,117218.9,0.0007123515526147308,3.3375643453800796,SELL_AFTER,0.08,0.08350106541079087,LONG,08_reversal_long_6Hutc
0,4,25,20,5,10,SUIUSDT,2025-09-18 00:00:00,3.7721,2025-09-18 12:00:00,3.9607050000000004,21.208345483947934,3.836000000000008,TP,0.08,0.08400000000000002,LONG,08_reversal_long_6Hutc
0,4,25,20,5,10,HYPEUSDT,2025-09-18 00:00:00,57.761,2025-09-21 12:00:00,51.9849,1.3850175724104499,-8.151999999999997,SL,0.08,0.07200000000000001,LONG,08_reversal_long_6Hutc
0,4,25,20,5,10,DOGEUSDT,2025-09-18 00:00:00,0.28271,2025-09-22 00:00:00,0.254439,282.9754872484171,-8.151999999999996,SL,0.08,0.07200000000000001,LONG,08_reversal_long_6Hutc
0,4,25,20,5,10,ADAUSDT,2025-09-18 00:00:00,0.9143,2025-09-22 06:00:00,0.82287,87.49863283386198,-8.152000000000001,SL,0.08,0.07200000000000001,LONG,08_reversal_long_6Hutc
0,4,25,20,5,10,SOLUSDT,2025-09-18 00:00:00,244.719,2025-09-22 06:00:00,220.2471,0.32690555289944795,-8.152000000000001,SL,0.08,0.07200000000000001,LONG,08_reversal_long_6Hutc
0,4,25,20,5,10,XRPUSDT,2025-09-18 00:00:00,3.0831,2025-09-22 06:00:00,2.77479,25.947909571535142,-8.152000000000001,SL,0.08,0.07200000000000001,LONG,08_reversal_long_6Hutc
0,4,25,20,5,10,BTCUSDT,2025-09-18 00:00:00,116395.9,2025-09-30 12:00:00,113194.0,0.0006873094327205684,-2.358495376555356,SELL_AFTER,0.08,0.07779930392737201,LONG,08_reversal_long_6Hutc
0,4,25,20,5,10,ADAUSDT,2025-09-30 12:00:00,0.791,2025-10-01 06:00:00,0.8305500000000001,101.1378002528445,3.8360000000000087,TP,0.08,0.08400000000000002,LONG,08_reversal_long_6Hutc
0,4,25,20,5,10,SOLUSDT,2025-09-30 12:00:00,206.962,2025-10-01 06:00:00,217.3101,0.3865443897913627,3.836000000000006,TP,0.08,0.084,LONG,08_reversal_long_6Hutc
0,4,25,20,5,10,BTCUSDT,2025-09-30 12:00:00,113018.4,2025-10-02 00:00:00,118669.31999999999,0.000707849341346188,3.835999999999999,TP,0.08,0.084,LONG,08_reversal_long_6Hutc
0,4,25,20,5,10,ETHUSDT,2025-09-30 12:00:00,4163.3,2025-10-02 00:00:00,4371.465,0.01921552614512526,3.8359999999999985,TP,0.08,0.084,LONG,08_reversal_long_6Hutc
0,4,25,20,5,10,XRPUSDT,2025-09-30 12:00:00,2.8453,2025-10-02 06:00:00,2.987565,28.11654307102942,3.8360000000000025,TP,0.08,0.084,LONG,08_reversal_long_6Hutc
0,4,25,20,5,10,SOLUSDT,2025-10-02 06:00:00,224.029,2025-10-03 12:00:00,235.23045000000002,0.3570966258832562,3.836000000000008,TP,0.08,0.08400000000000002,LONG,08_reversal_long_6Hutc
0,4,25,20,5,10,BTCUSDT,2025-10-02 06:00:00,118329.8,2025-10-05 00:00:00,124246.29000000001,0.0006760765251018762,3.8360000000000034,TP,0.08,0.084,LONG,08_reversal_long_6Hutc
0,4,25,20,5,10,ETHUSDT,2025-10-02 06:00:00,4382.17,2025-10-05 06:00:00,4601.2785,0.018255795644623554,3.836000000000005,TP,0.08,0.084,LONG,08_reversal_long_6Hutc
0,4,25,20,5,10,DOGEUSDT,2025-10-02 06:00:00,0.25372,2025-10-06 12:00:00,0.26640600000000003,315.30821377896893,3.8360000000000096,TP,0.08,0.08400000000000002,LONG,08_reversal_long_6Hutc
0,4,25,20,5,10,HYPEUSDT,2025-10-02 06:00:00,49.025,2025-10-09 12:00:00,44.1225,1.631820499745028,-8.151999999999992,SL,0.08,0.07200000000000001,LONG,08_reversal_long_6Hutc
0,4,25,20,5,10,ADAUSDT,2025-10-02 06:00:00,0.8539,2025-10-10 18:00:00,0.76851,93.6877854549713,-8.151999999999996,SL,0.08,0.07200000000000001,LONG,08_reversal_long_6Hutc
0,4,25,20,5,10,SUIUSDT,2025-10-02 06:00:00,3.5537,2025-10-10 18:00:00,3.1983300000000003,22.511748318653797,-8.151999999999992,SL,0.08,0.07200000000000002,LONG,08_reversal_long_6Hutc
0,4,25,20,5,10,XRPUSDT,2025-10-02 06:00:00,2.9639,2025-10-10 18:00:00,2.66751,26.99146394952596,-8.152000000000003,SL,0.08,0.07200000000000001,LONG,08_reversal_long_6Hutc
0,4,25,20,5,10,ETHUSDT,2025-10-13 18:00:00,4232.81,2025-10-17 06:00:00,3809.5290000000005,0.018899974248785083,-8.151999999999996,SL,0.08,0.07200000000000001,LONG,08_reversal_long_6Hutc
0,4,25,20,5,10,HYPEUSDT,2025-10-19 18:00:00,38.007,2025-10-23 12:00:00,39.90735,2.1048754176862157,3.836000000000006,TP,0.08,0.084,LONG,08_reversal_long_6Hutc
0,4,25,20,5,10,DOGEUSDT,2025-10-19 18:00:00,0.19664,2025-10-26 18:00:00,0.20647200000000002,406.8348250610252,3.8360000000000025,TP,0.08,0.084,LONG,08_reversal_long_6Hutc
0,4,25,20,5,10,ETHUSDT,2025-10-19 18:00:00,3991.31,2025-10-27 00:00:00,4190.8755,0.020043544600644902,3.8360000000000034,TP,0.08,0.084,LONG,08_reversal_long_6Hutc
0,4,25,20,5,10,SUIUSDT,2025-10-27 00:00:00,2.6746,2025-10-30 00:00:00,2.40714,29.911014731174756,-8.151999999999994,SL,0.08,0.07200000000000001,LONG,08_reversal_long_6Hutc
0,4,25,20,5,10,ADAUSDT,2025-10-27 00:00:00,0.6809,2025-10-30 12:00:00,0.61281,117.49155529446323,-8.151999999999997,SL,0.08,0.07200000000000001,LONG,08_reversal_long_6Hutc
0,4,25,20,5,10,DOGEUSDT,2025-10-27 00:00:00,0.20567,2025-10-30 12:00:00,0.185103,388.97262605144164,-8.152000000000001,SL,0.08,0.07200000000000001,LONG,08_reversal_long_6Hutc
0,4,25,20,5,10,ETHUSDT,2025-10-27 00:00:00,4156.91,2025-10-30 12:00:00,3741.219,0.019245064242430075,-8.151999999999996,SL,0.08,0.07200000000000001,LONG,08_reversal_long_6Hutc
0,4,25,20,5,10,SOLUSDT,2025-10-27 00:00:00,199.99,2025-10-30 18:00:00,179.991,0.40002000100005,-8.151999999999996,SL,0.08,0.07200000000000001,LONG,08_reversal_long_6Hutc
0,4,25,20,5,10,XRPUSDT,2025-10-27 00:00:00,2.6453,2025-10-30 18:00:00,2.38077,30.242316561448604,-8.152000000000003,SL,0.08,0.07200000000000001,LONG,08_reversal_long_6Hutc
0,4,25,20,5,10,BTCUSDT,2025-10-27 00:00:00,114492.2,2025-11-04 12:00:00,103042.98,0.00069873755592084,-8.152,SL,0.08,0.07200000000000001,LONG,08_reversal_long_6Hutc
0,4,25,20,5,10,HYPEUSDT,2025-11-07 18:00:00,41.885,2025-11-12 12:00:00,37.6965,1.9099916437865585,-8.151999999999994,SL,0.08,0.07200000000000001,LONG,08_reversal_long_6Hutc
0,4,25,20,5,10,SUIUSDT,2025-11-07 18:00:00,2.1355,2025-11-13 12:00:00,1.92195,37.46195270428471,-8.151999999999996,SL,0.08,0.07200000000000001,LONG,08_reversal_long_6Hutc
0,4,25,20,5,10,ADAUSDT,2025-11-07 18:00:00,0.5779,2025-11-13 18:00:00,0.52011,138.43225471534868,-8.152000000000001,SL,0.08,0.07200000000000001,LONG,08_reversal_long_6Hutc
0,4,25,20,5,10,DOGEUSDT,2025-11-07 18:00:00,0.17952,2025-11-13 18:00:00,0.16156800000000002,445.63279857397504,-8.151999999999997,SL,0.08,0.07200000000000001,LONG,08_reversal_long_6Hutc
0,4,25,20,5,10,HYPEUSDT,2025-11-16 12:00:00,39.256,2025-11-18 00:00:00,41.2188,2.037905033625433,3.8360000000000025,TP,0.08,0.084,LONG,08_reversal_long_6Hutc
0,4,25,20,5,10,HYPEUSDT,2025-11-18 00:00:00,39.295,2025-11-18 00:00:00,41.259750000000004,2.035882427789795,3.8360000000000043,TP,0.08,0.084,LONG,08_reversal_long_6Hutc
0,4,25,20,5,10,HYPEUSDT,2025-11-18 06:00:00,40.737,2025-11-21 00:00:00,36.6633,1.9638166777131354,-8.152000000000003,SL,0.08,0.07200000000000001,LONG,08_reversal_long_6Hutc
0,4,25,20,5,10,XRPUSDT,2025-11-24 06:00:00,2.089,2025-11-24 12:00:00,2.19345,38.295835327908094,3.8359999999999976,TP,0.08,0.084,LONG,08_reversal_long_6Hutc
0,4,25,20,5,10,XRPUSDT,2025-11-24 12:00:00,2.058,2025-11-24 12:00:00,2.1609,38.87269193391643,3.836,TP,0.08,0.084,LONG,08_reversal_long_6Hutc
0,4,25,20,5,10,SUIUSDT,2025-11-24 18:00:00,1.5034,2025-11-25 18:00:00,1.5785700000000003,53.21271783956365,3.8360000000000096,TP,0.08,0.08400000000000002,LONG,08_reversal_long_6Hutc
0,4,25,20,5,10,SOLUSDT,2025-11-24 18:00:00,136.82,2025-11-26 18:00:00,143.661,0.5847098377430201,3.836000000000005,TP,0.08,0.08400000000000002,LONG,08_reversal_long_6Hutc
0,4,25,20,5,10,BTCUSDT,2025-11-24 18:00:00,88320.0,2025-11-28 12:00:00,92736.0,0.0009057971014492754,3.836,TP,0.08,0.084,LONG,08_reversal_long_6Hutc
0,4,25,20,5,10,ETHUSDT,2025-11-24 18:00:00,2939.0,2025-11-28 12:00:00,3085.9500000000003,0.027220142905750255,3.836000000000007,TP,0.08,0.08400000000000002,LONG,08_reversal_long_6Hutc
0,4,25,20,5,10,DOGEUSDT,2025-11-24 18:00:00,0.152,2025-12-01 00:00:00,0.1368,526.3157894736843,-8.151999999999996,SL,0.08,0.07200000000000002,LONG,08_reversal_long_6Hutc
0,4,25,20,5,10,XRPUSDT,2025-11-24 18:00:00,2.2046,2025-12-01 12:00:00,1.9841400000000002,36.28776195228159,-8.151999999999994,SL,0.08,0.07200000000000001,LONG,08_reversal_long_6Hutc
0,4,25,20,5,10,SUIUSDT,2025-12-02 18:00:00,1.5893,2025-12-03 00:00:00,1.668765,50.336626187629776,3.836000000000006,TP,0.08,0.084,LONG,08_reversal_long_6Hutc
0,4,25,20,5,10,ADAUSDT,2025-12-02 18:00:00,0.4287,2025-12-03 18:00:00,0.45013500000000006,186.61068346162816,3.836000000000006,TP,0.08,0.084,LONG,08_reversal_long_6Hutc
0,4,25,20,5,10,ETHUSDT,2025-12-02 18:00:00,3014.79,2025-12-03 18:00:00,3165.5295,0.02653584495105795,3.8360000000000034,TP,0.08,0.084,LONG,08_reversal_long_6Hutc
0,4,25,20,5,10,SOLUSDT,2025-12-02 18:00:00,139.409,2025-12-04 00:00:00,146.37945,0.573851042615613,3.8359999999999994,TP,0.08,0.084,LONG,08_reversal_long_6Hutc
0,4,25,20,5,10,XRPUSDT,2025-12-02 18:00:00,2.1687,2025-12-14 18:00:00,1.95183,36.88845852353945,-8.151999999999996,SL,0.08,0.07200000000000001,LONG,08_reversal_long_6Hutc
0,4,25,20,5,10,BTCUSDT,2025-12-02 18:00:00,91405.9,2025-12-15 06:00:00,89603.9,0.0008752170264720331,-1.7355639406209011,SELL_AFTER,0.08,0.0784228589182974,LONG,08_reversal_long_6Hutc
0,4,25,20,5,10,HYPEUSDT,2025-12-15 06:00:00,29.091,2025-12-16 00:00:00,26.181900000000002,2.7499914062768553,-8.151999999999996,SL,0.08,0.07200000000000001,LONG,08_reversal_long_6Hutc
0,4,25,20,5,10,BTCUSDT,2025-12-19 12:00:00,88151.9,2026-01-01 00:00:00,87693.4,0.0009075243982262436,-0.575683836650146,SELL_AFTER,0.08,0.07958390006341327,LONG,08_reversal_long_6Hutc
0,4,25,20,5,10,ETHUSDT,2026-01-01 00:00:00,2970.6,2026-01-02 12:00:00,3119.13,0.026930586413519156,3.836000000000005,TP,0.08,0.08400000000000002,LONG,08_reversal_long_6Hutc
0,4,25,20,5,10,SOLUSDT,2026-01-01 00:00:00,124.6,2026-01-02 12:00:00,130.83,0.6420545746388443,3.8360000000000114,TP,0.08,0.08400000000000002,LONG,08_reversal_long_6Hutc
0,4,25,20,5,10,ADAUSDT,2026-01-02 12:00:00,0.3605,2026-01-02 12:00:00,0.378525,221.91400832177533,3.8360000000000034,TP,0.08,0.084,LONG,08_reversal_long_6Hutc
0,4,25,20,5,10,DOGEUSDT,2026-01-02 12:00:00,0.12936,2026-01-02 12:00:00,0.135828,618.4291898577612,3.8360000000000007,TP,0.08,0.084,LONG,08_reversal_long_6Hutc
0,4,25,20,5,10,XRPUSDT,2026-01-02 12:00:00,1.8905,2026-01-02 12:00:00,1.9850250000000003,42.31684739486908,3.836000000000008,TP,0.08,0.084,LONG,08_reversal_long_6Hutc
0,4,25,20,5,10,SUIUSDT,2026-01-02 12:00:00,1.5075,2026-01-02 18:00:00,1.582875,53.06799336650083,3.835999999999998,TP,0.08,0.084,LONG,08_reversal_long_6Hutc
0,4,25,20,5,10,SOLUSDT,2026-01-02 12:00:00,128.155,2026-01-04 00:00:00,134.56275,0.6242440794350591,3.8359999999999954,TP,0.08,0.084,LONG,08_reversal_long_6Hutc
0,4,25,20,5,10,ETHUSDT,2026-01-02 12:00:00,3046.1,2026-01-05 00:00:00,3198.405,0.02626309050917567,3.836000000000008,TP,0.08,0.08400000000000002,LONG,08_reversal_long_6Hutc
0,4,25,20,5,10,BTCUSDT,2026-01-02 12:00:00,89446.4,2026-01-05 12:00:00,93918.72,0.0008943903835145965,3.836000000000006,TP,0.08,0.084,LONG,08_reversal_long_6Hutc
0,4,25,20,5,10,ADAUSDT,2026-01-05 12:00:00,0.3995,2026-01-05 18:00:00,0.41947500000000004,200.25031289111388,3.8360000000000034,TP,0.08,0.084,LONG,08_reversal_long_6Hutc
0,4,25,20,5,10,SUIUSDT,2026-01-05 12:00:00,1.6842,2026-01-05 18:00:00,1.76841,47.50029687685548,3.836000000000005,TP,0.08,0.084,LONG,08_reversal_long_6Hutc
0,4,25,20,5,10,XRPUSDT,2026-01-05 12:00:00,2.1328,2026-01-05 18:00:00,2.23944,37.50937734433608,3.8360000000000016,TP,0.08,0.084,LONG,08_reversal_long_6Hutc
0,4,25,20,5,10,DOGEUSDT,2026-01-05 12:00:00,0.14771,2026-01-06 12:00:00,0.15509550000000003,541.601787285898,3.8360000000000087,TP,0.08,0.08400000000000002,LONG,08_reversal_long_6Hutc
0,4,25,20,5,10,SOLUSDT,2026-01-05 12:00:00,135.713,2026-01-06 12:00:00,142.49865,0.5894792687509671,3.8360000000000025,TP,0.08,0.084,LONG,08_reversal_long_6Hutc
0,4,25,20,5,10,HYPEUSDT,2026-01-05 12:00:00,26.348,2026-01-06 18:00:00,27.6654,3.036283588887202,3.8360000000000087,TP,0.08,0.08400000000000002,LONG,08_reversal_long_6Hutc
0,4,25,20,5,10,ETHUSDT,2026-01-05 12:00:00,3178.9,2026-01-13 18:00:00,3337.8450000000003,0.025165937903048222,3.8360000000000034,TP,0.08,0.084,LONG,08_reversal_long_6Hutc
0,4,25,20,5,10,BTCUSDT,2026-01-05 12:00:00,93089.4,2026-01-14 18:00:00,97743.87,0.0008593889315002568,3.8360000000000007,TP,0.08,0.084,LONG,08_reversal_long_6Hutc
0,4,25,20,5,10,ADAUSDT,2026-01-14 18:00:00,0.4162,2026-01-18 18:00:00,0.37458,192.21528111484864,-8.151999999999997,SL,0.08,0.07200000000000001,LONG,08_reversal_long_6Hutc
0,4,25,20,5,10,DOGEUSDT,2026-01-14 18:00:00,0.14792,2026-01-18 18:00:00,0.133128,540.8328826392644,-8.151999999999997,SL,0.08,0.07199999999999998,LONG,08_reversal_long_6Hutc
0,4,25,20,5,10,HYPEUSDT,2026-01-14 18:00:00,26.145,2026-01-19 00:00:00,23.5305,3.0598584815452288,-8.151999999999997,SL,0.08,0.07200000000000001,LONG,08_reversal_long_6Hutc
0,4,25,20,5,10,SOLUSDT,2026-01-14 18:00:00,145.927,2026-01-19 00:00:00,131.33429999999998,0.5482193151370206,-8.152000000000005,SL,0.08,0.07200000000000001,LONG,08_reversal_long_6Hutc
0,4,25,20,5,10,SUIUSDT,2026-01-14 18:00:00,1.8409,2026-01-19 00:00:00,1.6568100000000001,43.45700472594926,-8.151999999999992,SL,0.08,0.07200000000000001,LONG,08_reversal_long_6Hutc
0,4,25,20,5,10,ETHUSDT,2026-01-14 18:00:00,3340.92,2026-01-20 12:00:00,3006.828,0.023945500041904624,-8.152000000000001,SL,0.08,0.07200000000000001,LONG,08_reversal_long_6Hutc
0,4,25,20,5,10,BTCUSDT,2026-01-14 18:00:00,96899.8,2026-01-21 12:00:00,87209.82,0.0008255950992674908,-8.151999999999996,SL,0.08,0.07200000000000001,LONG,08_reversal_long_6Hutc
0,4,25,20,5,10,HYPEUSDT,2026-01-24 06:00:00,23.024,2026-01-26 18:00:00,24.1752,3.4746351633078527,3.8359999999999976,TP,0.08,0.084,LONG,08_reversal_long_6Hutc
0,4,25,20,5,10,HYPEUSDT,2026-01-26 18:00:00,23.861,2026-01-26 18:00:00,25.05405,3.3527513515778886,3.835999999999998,TP,0.08,0.084,LONG,08_reversal_long_6Hutc
0,4,25,20,5,10,XRPUSDT,2026-01-26 18:00:00,1.9106,2026-01-30 00:00:00,1.71954,41.87166335182665,-8.152,SL,0.08,0.07200000000000001,LONG,08_reversal_long_6Hutc
0,4,25,20,5,10,HYPEUSDT,2026-02-01 00:00:00,31.023,2026-02-01 00:00:00,32.57415,2.5787319085839537,3.8360000000000087,TP,0.08,0.084,LONG,08_reversal_long_6Hutc
0,4,25,20,5,10,HYPEUSDT,2026-02-01 06:00:00,30.816,2026-02-02 12:00:00,32.3568,2.596053997923157,3.8360000000000025,TP,0.08,0.084,LONG,08_reversal_long_6Hutc
0,4,25,20,5,10,HYPEUSDT,2026-02-02 12:00:00,30.911,2026-02-02 12:00:00,32.45655,2.5880754423991457,3.835999999999996,TP,0.08,0.08399999999999999,LONG,08_reversal_long_6Hutc
0,4,25,20,5,10,HYPEUSDT,2026-02-02 18:00:00,32.697,2026-02-03 00:00:00,34.33185,2.4467076490197877,3.836,TP,0.08,0.084,LONG,08_reversal_long_6Hutc
0,4,25,20,5,10,HYPEUSDT,2026-02-03 00:00:00,33.274,2026-02-03 00:00:00,34.9377,2.4042796177195407,3.8359999999999963,TP,0.08,0.084,LONG,08_reversal_long_6Hutc
0,4,25,20,5,10,HYPEUSDT,2026-02-03 06:00:00,37.197,2026-02-03 12:00:00,33.47730000000001,2.1507110788504447,-8.151999999999989,SL,0.08,0.07200000000000001,LONG,08_reversal_long_6Hutc
0,4,25,20,5,10,HYPEUSDT,2026-02-03 12:00:00,36.045,2026-02-03 12:00:00,32.4405,2.219447912331807,-8.152000000000001,SL,0.08,0.07199999999999998,LONG,08_reversal_long_6Hutc
0,4,25,20,5,10,HYPEUSDT,2026-02-03 18:00:00,32.303,2026-02-03 18:00:00,33.91815,2.4765501656192925,3.836,TP,0.08,0.084,LONG,08_reversal_long_6Hutc
0,4,25,20,5,10,HYPEUSDT,2026-02-04 00:00:00,32.699,2026-02-04 12:00:00,34.33395,2.4465579987155572,3.8360000000000087,TP,0.08,0.08400000000000002,LONG,08_reversal_long_6Hutc
0,4,25,20,5,10,HYPEUSDT,2026-02-04 18:00:00,34.429,2026-02-04 18:00:00,36.150450000000006,2.323622527520404,3.8360000000000096,TP,0.08,0.08400000000000002,LONG,08_reversal_long_6Hutc
0,4,25,20,5,10,HYPEUSDT,2026-02-05 00:00:00,35.481,2026-02-05 12:00:00,31.932900000000004,2.254727882528677,-8.151999999999994,SL,0.08,0.07200000000000001,LONG,08_reversal_long_6Hutc
0,4,25,20,5,10,HYPEUSDT,2026-02-06 06:00:00,35.094,2026-02-07 00:00:00,31.584600000000002,2.2795919530404056,-8.151999999999997,SL,0.08,0.07200000000000001,LONG,08_reversal_long_6Hutc
0,4,25,20,5,10,ETHUSDT,2026-02-09 18:00:00,2126.39,2026-02-11 12:00:00,1913.751,0.03762244931550657,-8.151999999999996,SL,0.08,0.07200000000000002,LONG,08_reversal_long_6Hutc
0,4,25,20,5,10,ADAUSDT,2026-02-12 12:00:00,0.2674,2026-02-14 06:00:00,0.28077,299.17726252804783,3.835999999999997,TP,0.08,0.084,LONG,08_reversal_long_6Hutc
0,4,25,20,5,10,SUIUSDT,2026-02-14 06:00:00,0.9591,2026-02-14 06:00:00,1.007055,83.41153164424982,3.836000000000007,TP,0.08,0.084,LONG,08_reversal_long_6Hutc
0,4,25,20,5,10,ADAUSDT,2026-02-14 06:00:00,0.275,2026-02-14 12:00:00,0.28875000000000006,290.9090909090909,3.8360000000000114,TP,0.08,0.08400000000000002,LONG,08_reversal_long_6Hutc
0,4,25,20,5,10,DOGEUSDT,2026-02-14 06:00:00,0.09667,2026-02-14 12:00:00,0.10150350000000001,827.5576704251577,3.8360000000000034,TP,0.08,0.084,LONG,08_reversal_long_6Hutc
0,4,25,20,5,10,XRPUSDT,2026-02-14 06:00:00,1.4078,2026-02-14 12:00:00,1.47819,56.826253729222906,3.8359999999999976,TP,0.08,0.084,LONG,08_reversal_long_6Hutc
0,4,25,20,5,10,SOLUSDT,2026-02-14 06:00:00,84.559,2026-02-14 18:00:00,88.78695,0.9460849820835157,3.836000000000006,TP,0.08,0.084,LONG,08_reversal_long_6Hutc
0,4,25,20,5,10,ETHUSDT,2026-02-14 06:00:00,2049.88,2026-02-23 12:00:00,1844.892,0.03902667473217944,-8.152000000000001,SL,0.08,0.07199999999999998,LONG,08_reversal_long_6Hutc
0,4,25,20,5,10,BTCUSDT,2026-02-14 06:00:00,68742.6,2026-02-26 18:00:00,67447.1,0.0011637616267060017,-1.6661455342102276,SELL_AFTER,0.08,0.07849234681260238,LONG,08_reversal_long_6Hutc
