sell_after,lookback,ma_period,tolerance,tp_pct,sl_pct,symbol,buy_time,buy_price,sell_time,sell_price,qty,profit,exit_reason,commission_buy,commission_sell,position_type,strategy,family,r0_direction
0,50,25,40,5,10,XRPUSDT,2025-01-13 18:00:00,2.4453,2025-01-14 06:00:00,2.567565,32.7158221895064,3.8360000000000016,TP,0.08,0.084,LONG,12_parity_long_6Hutc,unknown,uptrend
0,50,25,40,5,10,XRPUSDT,2025-01-14 06:00:00,2.5257,2025-01-14 12:00:00,2.6519850000000003,31.674387298570693,3.836000000000006,TP,0.08,0.084,LONG,12_parity_long_6Hutc,unknown,uptrend
0,50,25,40,5,10,DOGEUSDT,2025-01-14 06:00:00,0.34217,2025-01-14 18:00:00,0.3592785,233.80191133062516,3.836000000000006,TP,0.08,0.084,LONG,12_parity_long_6Hutc,unknown,uptrend
0,50,25,40,5,10,AAVEUSDT,2025-01-14 06:00:00,287.06,2025-01-15 12:00:00,301.413,0.2786873824287605,3.8360000000000016,TP,0.08,0.084,LONG,12_parity_long_6Hutc,unknown,uptrend
0,50,25,40,5,10,BTCUSDT,2025-01-14 06:00:00,94886.3,2025-01-15 12:00:00,99630.615,0.000843114337897,3.8360000000000016,TP,0.08,0.084,LONG,12_parity_long_6Hutc,unknown,uptrend
0,50,25,40,5,10,AAVEUSDT,2025-01-15 12:00:00,287.89,2025-01-15 12:00:00,302.2845,0.2778839139949286,3.835999999999998,TP,0.08,0.084,LONG,12_parity_long_6Hutc,unknown,uptrend
0,50,25,40,5,10,DOGEUSDT,2025-01-15 12:00:00,0.35181,2025-01-15 12:00:00,0.3694005,227.39546914527727,3.8360000000000016,TP,0.08,0.084,LONG,12_parity_long_6Hutc,unknown,uptrend
0,50,25,40,5,10,LINKUSDT,2025-01-15 12:00:00,20.324,2025-01-15 12:00:00,21.340200000000003,3.93623302499508,3.836000000000005,TP,0.08,0.084,LONG,12_parity_long_6Hutc,unknown,uptrend
0,50,25,40,5,10,SOLUSDT,2025-01-15 12:00:00,186.926,2025-01-15 12:00:00,196.2723,0.4279768464526069,3.836000000000006,TP,0.08,0.084,LONG,12_parity_long_6Hutc,unknown,uptrend
0,50,25,40,5,10,XRPUSDT,2025-01-15 12:00:00,2.7607,2025-01-15 12:00:00,2.898735,28.97815771362336,3.835999999999997,TP,0.08,0.084,LONG,12_parity_long_6Hutc,unknown,uptrend
0,50,25,40,5,10,BTCUSDT,2025-01-15 12:00:00,96725.4,2025-01-17 00:00:00,101561.67,0.0008270836822592,3.8360000000000034,TP,0.08,0.084,LONG,12_parity_long_6Hutc,unknown,uptrend
0,50,25,40,5,10,BNBUSDT,2025-01-15 12:00:00,692.36,2025-01-17 12:00:00,726.9780000000001,0.1155468253509734,3.836000000000006,TP,0.08,0.084,LONG,12_parity_long_6Hutc,unknown,uptrend
0,50,25,40,5,10,DOGEUSDT,2025-01-17 12:00:00,0.41115,2025-01-18 00:00:00,0.4317075,194.57618873890303,3.8360000000000007,TP,0.08,0.084,LONG,12_parity_long_6Hutc,unknown,uptrend
0,50,25,40,5,10,ENAUSDT,2025-01-17 12:00:00,0.9716,2025-01-18 00:00:00,0.87444,82.33841086867024,-8.152000000000001,SL,0.08,0.072,LONG,12_parity_long_6Hutc,unknown,uptrend
0,50,25,40,5,10,LINKUSDT,2025-01-17 12:00:00,24.134,2025-01-18 00:00:00,25.3407,3.314825557305047,3.836000000000004,TP,0.08,0.084,LONG,12_parity_long_6Hutc,unknown,uptrend
0,50,25,40,5,10,AAVEUSDT,2025-01-17 12:00:00,326.68,2025-01-19 06:00:00,294.012,0.2448879637565813,-8.152000000000001,SL,0.08,0.072,LONG,12_parity_long_6Hutc,unknown,uptrend
0,50,25,40,5,10,DOTUSDT,2025-01-17 12:00:00,7.394,2025-01-19 06:00:00,6.6546,10.819583446037328,-8.151999999999997,SL,0.08,0.072,LONG,12_parity_long_6Hutc,unknown,uptrend
0,50,25,40,5,10,TAOUSDT,2025-01-17 12:00:00,472.61,2025-01-19 06:00:00,425.3490000000001,0.1692727618967013,-8.151999999999992,SL,0.08,0.072,LONG,12_parity_long_6Hutc,unknown,uptrend
0,50,25,40,5,10,SUIUSDT,2025-01-17 12:00:00,4.9026,2025-01-19 18:00:00,4.41234,16.31787214947171,-8.152000000000003,SL,0.08,0.072,LONG,12_parity_long_6Hutc,unknown,uptrend
0,50,25,40,5,10,BTCUSDT,2025-01-17 12:00:00,102200.1,2025-01-20 06:00:00,107310.105,0.0007827780990429,3.8360000000000034,TP,0.08,0.084,LONG,12_parity_long_6Hutc,unknown,uptrend
0,50,25,40,5,10,BNBUSDT,2025-01-17 12:00:00,725.42,2025-01-27 00:00:00,652.8779999999999,0.1102809406964241,-8.152000000000003,SL,0.08,0.072,LONG,12_parity_long_6Hutc,unknown,uptrend
0,50,25,40,5,10,ETHUSDT,2025-01-17 12:00:00,3422.34,2025-01-27 06:00:00,3080.106,0.0233758188841552,-8.151999999999996,SL,0.08,0.072,LONG,12_parity_long_6Hutc,unknown,uptrend
0,50,25,40,5,10,DOGEUSDT,2025-03-26 06:00:00,0.19276,2025-03-26 06:00:00,0.202398,415.0238638721727,3.8360000000000034,TP,0.08,0.084,LONG,12_parity_long_6Hutc,ranging,uptrend
0,50,25,40,5,10,ENAUSDT,2025-03-26 06:00:00,0.4169,2025-03-27 06:00:00,0.437745,191.8925401775006,3.836,TP,0.08,0.084,LONG,12_parity_long_6Hutc,ranging,uptrend
0,50,25,40,5,10,DOTUSDT,2025-03-26 06:00:00,4.64,2025-03-29 00:00:00,4.176,17.24137931034483,-8.151999999999992,SL,0.08,0.072,LONG,12_parity_long_6Hutc,ranging,uptrend
0,50,25,40,5,10,ADAUSDT,2025-03-26 06:00:00,0.7501,2025-03-29 06:00:00,0.67509,106.65244634048794,-8.152000000000003,SL,0.08,0.072,LONG,12_parity_long_6Hutc,ranging,uptrend
0,50,25,40,5,10,BCHUSDT,2025-03-26 06:00:00,333.45,2025-03-29 06:00:00,300.105,0.2399160293897136,-8.151999999999992,SL,0.08,0.072,LONG,12_parity_long_6Hutc,ranging,uptrend
0,50,25,40,5,10,ETHUSDT,2025-03-26 06:00:00,2058.09,2025-03-29 06:00:00,1852.281,0.0388709920363055,-8.151999999999997,SL,0.08,0.072,LONG,12_parity_long_6Hutc,ranging,uptrend
0,50,25,40,5,10,AAVEUSDT,2025-03-26 06:00:00,184.24,2025-03-29 18:00:00,165.816,0.4342162396873643,-8.152000000000001,SL,0.08,0.072,LONG,12_parity_long_6Hutc,ranging,uptrend
0,50,25,40,5,10,BNBUSDT,2025-03-26 06:00:00,630.59,2025-04-06 12:00:00,567.5310000000001,0.1268653166082557,-8.151999999999994,SL,0.08,0.072,LONG,12_parity_long_6Hutc,ranging,uptrend
0,50,25,40,5,10,BTCUSDT,2025-03-26 06:00:00,87480.0,2025-04-06 18:00:00,78732.0,0.0009144947416552,-8.152,SL,0.08,0.072,LONG,12_parity_long_6Hutc,ranging,uptrend
0,50,25,40,5,10,ENAUSDT,2025-05-08 06:00:00,0.2939,2025-05-08 06:00:00,0.308595,272.20142905750254,3.8360000000000034,TP,0.08,0.084,LONG,12_parity_long_6Hutc,ranging,uptrend
0,50,25,40,5,10,AAVEUSDT,2025-05-08 06:00:00,183.68,2025-05-08 12:00:00,192.864,0.4355400696864111,3.8359999999999994,TP,0.08,0.084,LONG,12_parity_long_6Hutc,ranging,uptrend
0,50,25,40,5,10,DOGEUSDT,2025-05-08 06:00:00,0.1799,2025-05-08 12:00:00,0.188895,444.6914952751529,3.8360000000000016,TP,0.08,0.084,LONG,12_parity_long_6Hutc,ranging,uptrend
0,50,25,40,5,10,ETHUSDT,2025-05-08 06:00:00,1896.27,2025-05-08 12:00:00,1991.0835,0.0421880850300853,3.835999999999999,TP,0.08,0.084,LONG,12_parity_long_6Hutc,ranging,uptrend
0,50,25,40,5,10,BTCUSDT,2025-05-08 06:00:00,98700.4,2025-05-08 18:00:00,103635.42,0.000810533695912,3.8360000000000034,TP,0.08,0.084,LONG,12_parity_long_6Hutc,ranging,uptrend
0,50,25,40,5,10,DOTUSDT,2025-05-08 06:00:00,4.237,2025-05-08 18:00:00,4.44885,18.881283927307056,3.8360000000000016,TP,0.08,0.084,LONG,12_parity_long_6Hutc,ranging,uptrend
0,50,25,40,5,10,HYPEUSDT,2025-05-08 06:00:00,21.281,2025-05-08 18:00:00,22.34505,3.759221841078897,3.836000000000007,TP,0.08,0.084,LONG,12_parity_long_6Hutc,ranging,uptrend
0,50,25,40,5,10,BNBUSDT,2025-05-08 06:00:00,609.6,2025-05-09 06:00:00,640.08,0.1312335958005249,3.8360000000000025,TP,0.08,0.084,LONG,12_parity_long_6Hutc,ranging,uptrend
0,50,25,40,5,10,BCHUSDT,2025-05-08 06:00:00,417.08,2025-05-19 06:00:00,375.372,0.1918097247530449,-8.151999999999992,SL,0.08,0.072,LONG,12_parity_long_6Hutc,ranging,uptrend
0,50,25,40,5,10,AAVEUSDT,2025-05-19 18:00:00,236.35,2025-05-19 18:00:00,248.1675,0.3384810662153585,3.836000000000008,TP,0.08,0.084,LONG,12_parity_long_6Hutc,ranging,uptrend
0,50,25,40,5,10,BTCUSDT,2025-05-19 18:00:00,105327.3,2025-05-21 18:00:00,110593.665,0.0007595371760217,3.836000000000004,TP,0.08,0.084,LONG,12_parity_long_6Hutc,ranging,uptrend
0,50,25,40,5,10,DOGEUSDT,2025-05-21 18:00:00,0.22516,2025-05-21 18:00:00,0.236418,355.3028957186001,3.836000000000006,TP,0.08,0.084,LONG,12_parity_long_6Hutc,ranging,uptrend
0,50,25,40,5,10,HYPEUSDT,2025-05-21 18:00:00,26.994,2025-05-21 18:00:00,28.3437,2.963621545528636,3.836000000000006,TP,0.08,0.084,LONG,12_parity_long_6Hutc,ranging,uptrend
0,50,25,40,5,10,TAOUSDT,2025-05-21 18:00:00,425.38,2025-05-21 18:00:00,446.649,0.1880671399689689,3.8360000000000007,TP,0.08,0.084,LONG,12_parity_long_6Hutc,ranging,uptrend
0,50,25,40,5,10,BCHUSDT,2025-05-21 18:00:00,399.08,2025-05-22 00:00:00,419.034,0.2004610604390097,3.8360000000000016,TP,0.08,0.084,LONG,12_parity_long_6Hutc,ranging,uptrend
0,50,25,40,5,10,ENAUSDT,2025-05-21 18:00:00,0.3888,2025-05-22 00:00:00,0.40824,205.761316872428,3.8360000000000025,TP,0.08,0.084,LONG,12_parity_long_6Hutc,ranging,uptrend
0,50,25,40,5,10,SUIUSDT,2025-05-21 18:00:00,3.8631,2025-05-22 00:00:00,4.056255,20.708757215707596,3.835999999999999,TP,0.08,0.084,LONG,12_parity_long_6Hutc,ranging,uptrend
0,50,25,40,5,10,BTCUSDT,2025-05-21 18:00:00,106547.0,2025-05-22 12:00:00,111874.35,0.0007508423512628,3.836000000000004,TP,0.08,0.084,LONG,12_parity_long_6Hutc,ranging,uptrend
0,50,25,40,5,10,BNBUSDT,2025-05-21 18:00:00,662.13,2025-05-27 12:00:00,695.2365,0.1208221950372283,3.8359999999999976,TP,0.08,0.084,LONG,12_parity_long_6Hutc,ranging,uptrend
0,50,25,40,5,10,HYPEUSDT,2025-05-27 12:00:00,37.924,2025-05-28 12:00:00,34.1316,2.1094821221390148,-8.152000000000001,SL,0.08,0.072,LONG,12_parity_long_6Hutc,ranging,uptrend
0,50,25,40,5,10,ETHUSDT,2025-05-27 12:00:00,2652.01,2025-05-29 00:00:00,2784.6105,0.0301657987714978,3.836,TP,0.08,0.084,LONG,12_parity_long_6Hutc,ranging,uptrend
0,50,25,40,5,10,AAVEUSDT,2025-05-27 12:00:00,280.03,2025-05-29 18:00:00,252.027,0.2856836767489198,-8.151999999999996,SL,0.08,0.072,LONG,12_parity_long_6Hutc,ranging,uptrend
0,50,25,40,5,10,ADAUSDT,2025-05-27 12:00:00,0.7701,2025-05-30 00:00:00,0.69309,103.88261264770809,-8.152000000000001,SL,0.08,0.072,LONG,12_parity_long_6Hutc,ranging,uptrend
0,50,25,40,5,10,ENAUSDT,2025-05-27 12:00:00,0.4012,2025-05-30 00:00:00,0.36108,199.40179461615156,-8.151999999999996,SL,0.08,0.072,LONG,12_parity_long_6Hutc,ranging,uptrend
0,50,25,40,5,10,LINKUSDT,2025-05-27 12:00:00,15.961,2025-05-30 00:00:00,14.3649,5.012217279619072,-8.151999999999997,SL,0.08,0.072,LONG,12_parity_long_6Hutc,ranging,uptrend
0,50,25,40,5,10,TAOUSDT,2025-05-27 12:00:00,447.13,2025-05-30 00:00:00,402.417,0.1789188826515778,-8.151999999999992,SL,0.08,0.072,LONG,12_parity_long_6Hutc,ranging,uptrend
0,50,25,40,5,10,SOLUSDT,2025-05-27 12:00:00,176.699,2025-05-30 12:00:00,159.02910000000003,0.452747327375933,-8.15199999999999,SL,0.08,0.072,LONG,12_parity_long_6Hutc,ranging,uptrend
0,50,25,40,5,10,BNBUSDT,2025-05-27 12:00:00,681.85,2025-06-09 00:00:00,648.26,0.1173278580332917,-4.097101708586936,SELL_AFTER,0.08,0.0760589572486617,LONG,12_parity_long_6Hutc,ranging,uptrend
0,50,25,40,5,10,BTCUSDT,2025-05-27 12:00:00,109543.0,2025-06-09 00:00:00,105340.2,0.0007303068201528,-3.2262641702345216,SELL_AFTER,0.08,0.0769306664962617,LONG,12_parity_long_6Hutc,ranging,uptrend
0,50,25,40,5,10,TAOUSDT,2025-06-09 00:00:00,383.15,2025-06-09 06:00:00,402.3075,0.2087955108965157,3.836000000000006,TP,0.08,0.084,LONG,12_parity_long_6Hutc,ranging,uptrend
0,50,25,40,5,10,BCHUSDT,2025-06-09 00:00:00,410.59,2025-06-10 06:00:00,431.1195,0.1948415694488419,3.836000000000008,TP,0.08,0.084,LONG,12_parity_long_6Hutc,ranging,uptrend
0,50,25,40,5,10,BTCUSDT,2025-06-09 00:00:00,105690.1,2025-06-21 12:00:00,103144.0,0.0007569299300502,-2.08529207560595,SELL_AFTER,0.08,0.0780727807050991,LONG,12_parity_long_6Hutc,ranging,uptrend
0,50,25,40,5,10,XRPUSDT,2025-06-09 00:00:00,2.2663,2025-06-21 12:00:00,2.0934,35.29982791333892,-6.257236905970092,SELL_AFTER,0.08,0.0738966597537836,LONG,12_parity_long_6Hutc,ranging,uptrend
0,50,25,40,5,10,BCHUSDT,2025-06-26 00:00:00,482.61,2025-06-27 12:00:00,506.74050000000005,0.1657653177513934,3.836000000000007,TP,0.08,0.084,LONG,12_parity_long_6Hutc,ranging,uptrend
0,50,25,40,5,10,SOLUSDT,2025-06-26 00:00:00,143.487,2025-06-28 12:00:00,150.66135,0.5575417982116847,3.8360000000000025,TP,0.08,0.084,LONG,12_parity_long_6Hutc,ranging,uptrend
0,50,25,40,5,10,HYPEUSDT,2025-06-26 00:00:00,37.025,2025-06-29 12:00:00,38.87625,2.160702228224173,3.8360000000000007,TP,0.08,0.084,LONG,12_parity_long_6Hutc,ranging,uptrend
0,50,25,40,5,10,LINKUSDT,2025-06-26 00:00:00,13.131,2025-06-29 18:00:00,13.78755,6.092452973878608,3.836000000000006,TP,0.08,0.084,LONG,12_parity_long_6Hutc,ranging,uptrend
0,50,25,40,5,10,SUIUSDT,2025-06-26 00:00:00,2.7313,2025-06-29 18:00:00,2.867865,29.29008164610259,3.8360000000000016,TP,0.08,0.084,LONG,12_parity_long_6Hutc,ranging,uptrend
0,50,25,40,5,10,ETHUSDT,2025-06-26 00:00:00,2417.79,2025-07-02 12:00:00,2538.6795,0.0330880680290678,3.836000000000008,TP,0.08,0.084,LONG,12_parity_long_6Hutc,ranging,uptrend
0,50,25,40,5,10,DOGEUSDT,2025-06-26 00:00:00,0.16451,2025-07-03 00:00:00,0.1727355,486.2926265880494,3.8359999999999994,TP,0.08,0.084,LONG,12_parity_long_6Hutc,ranging,uptrend
0,50,25,40,5,10,BNBUSDT,2025-06-26 00:00:00,645.82,2025-07-08 12:00:00,660.42,0.1238735251308414,1.646744913443363,SELL_AFTER,0.08,0.0818085534669102,LONG,12_parity_long_6Hutc,ranging,uptrend
0,50,25,40,5,10,BTCUSDT,2025-06-26 00:00:00,107280.3,2025-07-08 12:00:00,108939.1,0.0007457100697891,1.0757468799024632,SELL_AFTER,0.08,0.0812369838637662,LONG,12_parity_long_6Hutc,ranging,uptrend
0,50,25,40,5,10,AAVEUSDT,2025-07-08 12:00:00,287.97,2025-07-09 00:00:00,302.36850000000004,0.2778067159773587,3.8360000000000034,TP,0.08,0.084,LONG,12_parity_long_6Hutc,ranging,uptrend
0,50,25,40,5,10,LINKUSDT,2025-07-08 12:00:00,13.493,2025-07-09 00:00:00,14.16765,5.929000222337508,3.835999999999998,TP,0.08,0.0839999999999999,LONG,12_parity_long_6Hutc,ranging,uptrend
0,50,25,40,5,10,ADAUSDT,2025-07-08 12:00:00,0.5844,2025-07-09 12:00:00,0.61362,136.89253935660506,3.8360000000000025,TP,0.08,0.084,LONG,12_parity_long_6Hutc,ranging,uptrend
0,50,25,40,5,10,DOGEUSDT,2025-07-08 12:00:00,0.17085,2025-07-09 18:00:00,0.1793925,468.2470002926544,3.8360000000000034,TP,0.08,0.084,LONG,12_parity_long_6Hutc,ranging,uptrend
0,50,25,40,5,10,ETHUSDT,2025-07-08 12:00:00,2573.58,2025-07-09 18:00:00,2702.259,0.0310851032413991,3.8360000000000025,TP,0.08,0.084,LONG,12_parity_long_6Hutc,ranging,uptrend
0,50,25,40,5,10,SOLUSDT,2025-07-08 12:00:00,151.182,2025-07-10 00:00:00,158.7411,0.5291635247582385,3.8360000000000007,TP,0.08,0.084,LONG,12_parity_long_6Hutc,ranging,uptrend
0,50,25,40,5,10,BTCUSDT,2025-07-08 12:00:00,108696.5,2025-07-10 18:00:00,114131.325,0.0007359942592447,3.8360000000000087,TP,0.08,0.084,LONG,12_parity_long_6Hutc,ranging,uptrend
0,50,25,40,5,10,BCHUSDT,2025-07-08 12:00:00,498.34,2025-07-11 00:00:00,523.257,0.1605329694586025,3.835999999999996,TP,0.08,0.084,LONG,12_parity_long_6Hutc,ranging,uptrend
0,50,25,40,5,10,BNBUSDT,2025-07-08 12:00:00,660.88,2025-07-11 00:00:00,693.924,0.1210507202517855,3.8359999999999976,TP,0.08,0.084,LONG,12_parity_long_6Hutc,ranging,uptrend
0,50,25,40,5,10,ETHUSDT,2025-08-04 18:00:00,3680.01,2025-08-07 12:00:00,3864.0105,0.0217390713612191,3.8360000000000016,TP,0.08,0.084,LONG,12_parity_long_6Hutc,ranging,uptrend
0,50,25,40,5,10,LINKUSDT,2025-08-04 18:00:00,16.994,2025-08-07 12:00:00,17.843700000000002,4.707543839002001,3.8360000000000096,TP,0.08,0.084,LONG,12_parity_long_6Hutc,ranging,uptrend
0,50,25,40,5,10,AAVEUSDT,2025-08-04 18:00:00,268.02,2025-08-07 18:00:00,281.421,0.2984851876725617,3.8360000000000034,TP,0.08,0.084,LONG,12_parity_long_6Hutc,ranging,uptrend
0,50,25,40,5,10,ADAUSDT,2025-08-04 18:00:00,0.7505,2025-08-07 18:00:00,0.788025,106.59560293137908,3.8360000000000034,TP,0.08,0.084,LONG,12_parity_long_6Hutc,ranging,uptrend
0,50,25,40,5,10,XRPUSDT,2025-08-04 18:00:00,3.0569,2025-08-07 18:00:00,3.2097450000000003,26.17030324838889,3.8360000000000025,TP,0.08,0.084,LONG,12_parity_long_6Hutc,ranging,uptrend
0,50,25,40,5,10,DOTUSDT,2025-08-04 18:00:00,3.719,2025-08-08 00:00:00,3.90495,21.51115891368648,3.8360000000000016,TP,0.08,0.084,LONG,12_parity_long_6Hutc,ranging,uptrend
0,50,25,40,5,10,BCHUSDT,2025-08-04 18:00:00,570.12,2025-08-11 12:00:00,598.626,0.1403213358591173,3.835999999999996,TP,0.08,0.084,LONG,12_parity_long_6Hutc,ranging,uptrend
0,50,25,40,5,10,AAVEUSDT,2025-08-11 12:00:00,297.0,2025-08-12 12:00:00,311.85,0.2693602693602693,3.836000000000006,TP,0.08,0.084,LONG,12_parity_long_6Hutc,ranging,uptrend
0,50,25,40,5,10,ADAUSDT,2025-08-11 12:00:00,0.7907,2025-08-12 12:00:00,0.830235,101.17617301125586,3.835999999999999,TP,0.08,0.084,LONG,12_parity_long_6Hutc,ranging,uptrend
0,50,25,40,5,10,BCHUSDT,2025-08-11 12:00:00,587.19,2025-08-12 12:00:00,616.5495000000001,0.1362421022156371,3.8360000000000034,TP,0.08,0.084,LONG,12_parity_long_6Hutc,ranging,uptrend
0,50,25,40,5,10,DOTUSDT,2025-08-11 12:00:00,3.932,2025-08-12 12:00:00,4.1286000000000005,20.34587995930824,3.8360000000000114,TP,0.08,0.084,LONG,12_parity_long_6Hutc,ranging,uptrend
0,50,25,40,5,10,ETHUSDT,2025-08-11 12:00:00,4183.83,2025-08-12 12:00:00,4393.0215,0.0191212358054701,3.835999999999998,TP,0.08,0.084,LONG,12_parity_long_6Hutc,ranging,uptrend
0,50,25,40,5,10,LINKUSDT,2025-08-11 12:00:00,21.275,2025-08-12 12:00:00,22.33875,3.760282021151587,3.8360000000000096,TP,0.08,0.084,LONG,12_parity_long_6Hutc,ranging,uptrend
0,50,25,40,5,10,SOLUSDT,2025-08-11 12:00:00,179.0,2025-08-12 18:00:00,187.95,0.4469273743016759,3.836000000000007,TP,0.08,0.084,LONG,12_parity_long_6Hutc,ranging,uptrend
0,50,25,40,5,10,DOGEUSDT,2025-08-11 12:00:00,0.22827,2025-08-13 00:00:00,0.2396835,350.4621719893109,3.836000000000007,TP,0.08,0.084,LONG,12_parity_long_6Hutc,ranging,uptrend
0,50,25,40,5,10,HYPEUSDT,2025-08-11 12:00:00,44.814,2025-08-13 12:00:00,47.0547,1.785156424331682,3.836000000000007,TP,0.08,0.084,LONG,12_parity_long_6Hutc,ranging,uptrend
0,50,25,40,5,10,BTCUSDT,2025-08-11 12:00:00,120557.0,2025-08-24 00:00:00,114970.0,0.0006635865192398,-3.863750425110114,SELL_AFTER,0.08,0.0762925421170069,LONG,12_parity_long_6Hutc,ranging,uptrend
0,50,25,40,5,10,ADAUSDT,2025-08-24 00:00:00,0.9149,2025-08-24 18:00:00,0.960645,87.44125040988085,3.8360000000000025,TP,0.08,0.084,LONG,12_parity_long_6Hutc,ranging,uptrend
0,50,25,40,5,10,HYPEUSDT,2025-08-24 00:00:00,44.912,2025-08-25 00:00:00,47.1576,1.7812611328820809,3.836000000000006,TP,0.08,0.084,LONG,12_parity_long_6Hutc,ranging,uptrend
0,50,25,40,5,10,ENAUSDT,2025-08-24 00:00:00,0.7406,2025-08-25 06:00:00,0.66654,108.0205238995409,-8.152000000000001,SL,0.08,0.072,LONG,12_parity_long_6Hutc,ranging,uptrend
0,50,25,40,5,10,AAVEUSDT,2025-08-24 00:00:00,357.93,2025-08-25 18:00:00,322.137,0.2235073897130723,-8.152000000000001,SL,0.08,0.072,LONG,12_parity_long_6Hutc,ranging,uptrend
0,50,25,40,5,10,DOGEUSDT,2025-08-24 00:00:00,0.23635,2025-08-25 18:00:00,0.212715,338.48106621535857,-8.151999999999996,SL,0.08,0.072,LONG,12_parity_long_6Hutc,ranging,uptrend
0,50,25,40,5,10,DOTUSDT,2025-08-24 00:00:00,4.229,2025-08-25 18:00:00,3.8061,18.917001655237645,-8.151999999999996,SL,0.08,0.072,LONG,12_parity_long_6Hutc,ranging,uptrend
0,50,25,40,5,10,SOLUSDT,2025-08-24 00:00:00,204.235,2025-08-28 06:00:00,214.44675000000004,0.3917056332166376,3.8360000000000087,TP,0.08,0.084,LONG,12_parity_long_6Hutc,ranging,uptrend
0,50,25,40,5,10,BCHUSDT,2025-08-24 00:00:00,591.27,2025-08-29 06:00:00,532.143,0.1353019771001403,-8.151999999999992,SL,0.08,0.072,LONG,12_parity_long_6Hutc,ranging,uptrend
0,50,25,40,5,10,ETHUSDT,2025-08-24 00:00:00,4777.0,2025-08-29 12:00:00,4299.3,0.0167469122880468,-8.151999999999996,SL,0.08,0.072,LONG,12_parity_long_6Hutc,ranging,uptrend
0,50,25,40,5,10,BNBUSDT,2025-08-24 00:00:00,880.52,2025-09-05 12:00:00,849.22,0.0908554036251306,-3.0009303593331174,SELL_AFTER,0.08,0.0771562258665334,LONG,12_parity_long_6Hutc,ranging,uptrend
0,50,25,40,5,10,BTCUSDT,2025-08-24 00:00:00,115377.4,2025-09-05 12:00:00,110571.4,0.0006933766924891,-3.48903601571885,SELL_AFTER,0.08,0.076667631615897,LONG,12_parity_long_6Hutc,ranging,uptrend
0,50,25,40,5,10,BCHUSDT,2025-09-18 00:00:00,616.43,2025-09-18 00:00:00,647.2515,0.1297795370115017,3.8360000000000016,TP,0.08,0.084,LONG,12_parity_long_6Hutc,ranging,uptrend
0,50,25,40,5,10,SUIUSDT,2025-09-18 00:00:00,3.7721,2025-09-18 12:00:00,3.960705,21.208345483947934,3.836000000000008,TP,0.08,0.084,LONG,12_parity_long_6Hutc,ranging,uptrend
0,50,25,40,5,10,DOTUSDT,2025-09-18 00:00:00,4.404,2025-09-19 00:00:00,4.6242,18.165304268846505,3.8360000000000034,TP,0.08,0.084,LONG,12_parity_long_6Hutc,ranging,uptrend
0,50,25,40,5,10,BNBUSDT,2025-09-18 00:00:00,989.75,2025-09-20 18:00:00,1039.2375,0.0808284920434453,3.835999999999996,TP,0.08,0.084,LONG,12_parity_long_6Hutc,ranging,uptrend
0,50,25,40,5,10,HYPEUSDT,2025-09-18 00:00:00,57.761,2025-09-21 12:00:00,51.9849,1.38501757241045,-8.151999999999997,SL,0.08,0.072,LONG,12_parity_long_6Hutc,ranging,uptrend
0,50,25,40,5,10,DOGEUSDT,2025-09-18 00:00:00,0.28271,2025-09-22 00:00:00,0.254439,282.9754872484171,-8.151999999999996,SL,0.08,0.072,LONG,12_parity_long_6Hutc,ranging,uptrend
0,50,25,40,5,10,TAOUSDT,2025-09-18 00:00:00,359.0,2025-09-22 00:00:00,323.1,0.2228412256267409,-8.151999999999994,SL,0.08,0.072,LONG,12_parity_long_6Hutc,ranging,uptrend
0,50,25,40,5,10,ADAUSDT,2025-09-18 00:00:00,0.9143,2025-09-22 06:00:00,0.82287,87.49863283386198,-8.152000000000001,SL,0.08,0.072,LONG,12_parity_long_6Hutc,ranging,uptrend
0,50,25,40,5,10,ETHUSDT,2025-09-18 00:00:00,4587.7,2025-09-22 06:00:00,4128.93,0.0174379318612812,-8.15199999999999,SL,0.08,0.072,LONG,12_parity_long_6Hutc,ranging,uptrend
0,50,25,40,5,10,SOLUSDT,2025-09-18 00:00:00,244.719,2025-09-22 06:00:00,220.2471,0.3269055528994479,-8.152000000000001,SL,0.08,0.072,LONG,12_parity_long_6Hutc,ranging,uptrend
0,50,25,40,5,10,BTCUSDT,2025-09-18 00:00:00,116395.9,2025-09-30 12:00:00,113194.0,0.0006873094327205,-2.358495376555356,SELL_AFTER,0.08,0.077799303927372,LONG,12_parity_long_6Hutc,ranging,uptrend
0,50,25,40,5,10,ENAUSDT,2025-10-19 12:00:00,0.494,2025-10-21 00:00:00,0.4446,161.94331983805668,-8.152,SL,0.08,0.072,LONG,12_parity_long_6Hutc,ranging,uptrend
0,50,25,40,5,10,TAOUSDT,2025-10-19 12:00:00,440.2,2025-10-21 12:00:00,396.18,0.1817355747387551,-8.151999999999996,SL,0.08,0.072,LONG,12_parity_long_6Hutc,ranging,uptrend
0,50,25,40,5,10,DOGEUSDT,2025-10-21 12:00:00,0.19441,2025-10-21 12:00:00,0.2041305,411.5014659739725,3.8360000000000087,TP,0.08,0.084,LONG,12_parity_long_6Hutc,ranging,uptrend
0,50,25,40,5,10,XRPUSDT,2025-10-21 12:00:00,2.4311,2025-10-25 00:00:00,2.552655,32.906914565423065,3.8360000000000105,TP,0.08,0.084,LONG,12_parity_long_6Hutc,ranging,uptrend
0,50,25,40,5,10,LINKUSDT,2025-10-21 12:00:00,18.059,2025-10-27 00:00:00,18.96195,4.429924137549144,3.8360000000000025,TP,0.08,0.084,LONG,12_parity_long_6Hutc,ranging,uptrend
0,50,25,40,5,10,BCHUSDT,2025-12-03 00:00:00,544.81,2025-12-03 00:00:00,572.0504999999999,0.1468401828160276,3.836,TP,0.08,0.084,LONG,12_parity_long_6Hutc,ranging,uptrend
0,50,25,40,5,10,LINKUSDT,2025-12-03 00:00:00,13.462,2025-12-03 00:00:00,14.1351,5.942653394740752,3.835999999999999,TP,0.08,0.084,LONG,12_parity_long_6Hutc,ranging,uptrend
0,50,25,40,5,10,ETHUSDT,2025-12-03 00:00:00,2994.31,2025-12-03 12:00:00,3144.0255,0.026717340555921,3.836000000000007,TP,0.08,0.084,LONG,12_parity_long_6Hutc,ranging,uptrend
0,50,25,40,5,10,AAVEUSDT,2025-12-03 00:00:00,189.83,2025-12-03 18:00:00,199.3215,0.4214297002581256,3.8360000000000007,TP,0.08,0.084,LONG,12_parity_long_6Hutc,ranging,uptrend
0,50,25,40,5,10,DOTUSDT,2025-12-03 00:00:00,2.245,2025-12-03 18:00:00,2.35725,35.6347438752784,3.8359999999999994,TP,0.08,0.084,LONG,12_parity_long_6Hutc,ranging,uptrend
0,50,25,40,5,10,SOLUSDT,2025-12-03 00:00:00,138.6,2025-12-03 18:00:00,145.53,0.5772005772005773,3.836000000000004,TP,0.08,0.084,LONG,12_parity_long_6Hutc,ranging,uptrend
0,50,25,40,5,10,ADAUSDT,2025-12-03 00:00:00,0.4332,2025-12-04 00:00:00,0.45486,184.67220683287167,3.8360000000000025,TP,0.08,0.084,LONG,12_parity_long_6Hutc,ranging,uptrend
0,50,25,40,5,10,HYPEUSDT,2025-12-03 00:00:00,33.82,2025-12-04 00:00:00,35.511,2.365464222353637,3.836000000000006,TP,0.08,0.084,LONG,12_parity_long_6Hutc,ranging,uptrend
0,50,25,40,5,10,BTCUSDT,2025-12-03 00:00:00,91243.3,2025-12-15 12:00:00,85740.0,0.0008767767057964,-4.980340079764764,SELL_AFTER,0.08,0.0751748347549902,LONG,12_parity_long_6Hutc,ranging,uptrend
0,50,25,40,5,10,ADAUSDT,2025-12-28 00:00:00,0.3696,2025-12-31 12:00:00,0.33264,216.4502164502165,-8.151999999999997,SL,0.08,0.072,LONG,12_parity_long_6Hutc,ranging,uptrend
0,50,25,40,5,10,DOTUSDT,2025-12-28 00:00:00,1.908,2026-01-01 18:00:00,2.0034,41.9287211740042,3.836000000000006,TP,0.08,0.084,LONG,12_parity_long_6Hutc,ranging,uptrend
0,50,25,40,5,10,LINKUSDT,2025-12-28 00:00:00,12.51,2026-01-02 06:00:00,13.1355,6.394884092725819,3.8360000000000034,TP,0.08,0.084,LONG,12_parity_long_6Hutc,ranging,uptrend
0,50,25,40,5,10,SUIUSDT,2025-12-28 00:00:00,1.4502,2026-01-02 06:00:00,1.52271,55.16480485450283,3.836000000000004,TP,0.08,0.084,LONG,12_parity_long_6Hutc,ranging,uptrend
0,50,25,40,5,10,ENAUSDT,2025-12-28 00:00:00,0.2166,2026-01-02 12:00:00,0.22743,369.3444136657433,3.8360000000000025,TP,0.08,0.084,LONG,12_parity_long_6Hutc,ranging,uptrend
0,50,25,40,5,10,SOLUSDT,2025-12-28 00:00:00,124.672,2026-01-02 12:00:00,130.9056,0.6416837782340863,3.835999999999997,TP,0.08,0.084,LONG,12_parity_long_6Hutc,ranging,uptrend
0,50,25,40,5,10,AAVEUSDT,2025-12-28 00:00:00,156.95,2026-01-02 18:00:00,164.7975,0.5097164702134438,3.835999999999998,TP,0.08,0.084,LONG,12_parity_long_6Hutc,ranging,uptrend
0,50,25,40,5,10,BCHUSDT,2025-12-28 00:00:00,622.77,2026-01-03 18:00:00,653.9085,0.1284583393548179,3.8360000000000025,TP,0.08,0.084,LONG,12_parity_long_6Hutc,ranging,uptrend
0,50,25,40,5,10,HYPEUSDT,2025-12-28 00:00:00,25.954,2026-01-05 00:00:00,27.251700000000003,3.0823765122909763,3.836000000000008,TP,0.08,0.084,LONG,12_parity_long_6Hutc,ranging,uptrend
0,50,25,40,5,10,HYPEUSDT,2026-01-28 06:00:00,32.778,2026-01-28 06:00:00,34.4169,2.4406614192446154,3.835999999999999,TP,0.08,0.084,LONG,12_parity_long_6Hutc,ranging,uptrend
0,50,25,40,5,10,DOGEUSDT,2026-01-28 06:00:00,0.12521,2026-01-30 00:00:00,0.112689,638.9266033064453,-8.151999999999994,SL,0.08,0.072,LONG,12_parity_long_6Hutc,ranging,uptrend
0,50,25,40,5,10,ETHUSDT,2026-01-28 06:00:00,3002.94,2026-01-30 00:00:00,2702.646,0.0266405589189261,-8.151999999999996,SL,0.08,0.072,LONG,12_parity_long_6Hutc,ranging,uptrend
0,50,25,40,5,10,SOLUSDT,2026-01-28 06:00:00,126.681,2026-01-30 00:00:00,114.0129,0.6315074873106464,-8.151999999999996,SL,0.08,0.072,LONG,12_parity_long_6Hutc,ranging,uptrend
0,50,25,40,5,10,TAOUSDT,2026-01-28 06:00:00,237.12,2026-01-30 00:00:00,213.408,0.3373819163292847,-8.151999999999996,SL,0.08,0.072,LONG,12_parity_long_6Hutc,ranging,uptrend
0,50,25,40,5,10,XRPUSDT,2026-01-28 06:00:00,1.9113,2026-01-30 00:00:00,1.72017,41.85632815361272,-8.152,SL,0.08,0.072,LONG,12_parity_long_6Hutc,ranging,uptrend
0,50,25,40,5,10,BTCUSDT,2026-01-28 06:00:00,89042.8,2026-01-31 12:00:00,80138.52,0.000898444343619,-8.151999999999997,SL,0.08,0.072,LONG,12_parity_long_6Hutc,ranging,uptrend
