sell_after,lookback,ranges,tolerance,tp_pct,sl_pct,symbol,buy_time,buy_price,sell_time,sell_price,qty,profit,exit_reason,commission_buy,commission_sell,position_type,strategy,family,r0_direction
0,8,20,5,4,7,AVAXUSDT,2025-01-07 12:00:00,43.13,2025-01-07 12:00:00,41.4048,1.8548574078367723,3.043200000000001,TP,0.08,0.0768,SHORT,16_ranging_short_6Hutc,unknown,downtrend
0,8,20,5,4,7,DOGEUSDT,2025-01-07 12:00:00,0.38493,2025-01-07 12:00:00,0.3695328,207.82999506403763,3.0432,TP,0.08,0.0768,SHORT,16_ranging_short_6Hutc,unknown,downtrend
0,8,20,5,4,7,FETUSDT,2025-01-07 12:00:00,1.5427,2025-01-07 12:00:00,1.480992,51.85713359694043,3.043200000000005,TP,0.08,0.0768,SHORT,16_ranging_short_6Hutc,unknown,downtrend
0,8,20,5,4,7,HYPEUSDT,2025-01-07 12:00:00,25.301,2025-01-07 12:00:00,24.28896,3.1619303584838545,3.043200000000008,TP,0.08,0.0767999999999999,SHORT,16_ranging_short_6Hutc,unknown,downtrend
0,8,20,5,4,7,NEARUSDT,2025-01-07 12:00:00,5.856,2025-01-07 12:00:00,5.62176,13.66120218579235,3.043199999999997,TP,0.08,0.0768,SHORT,16_ranging_short_6Hutc,unknown,downtrend
0,8,20,5,4,7,BNBUSDT,2025-01-07 12:00:00,726.11,2025-01-07 18:00:00,697.0656,0.1101761441103965,3.0432,TP,0.08,0.0768,SHORT,16_ranging_short_6Hutc,unknown,downtrend
0,8,20,5,4,7,WLDUSDT,2025-01-07 18:00:00,2.4805,2025-01-07 18:00:00,2.38128,32.25156218504333,3.043200000000009,TP,0.08,0.0767999999999999,SHORT,16_ranging_short_6Hutc,unknown,downtrend
0,8,20,5,4,7,BGBUSDT,2025-01-07 18:00:00,6.463,2025-01-08 12:00:00,6.20448,12.37815256073031,3.043199999999998,TP,0.08,0.0768,SHORT,16_ranging_short_6Hutc,unknown,downtrend
0,8,20,5,4,7,BGBUSDT,2025-01-08 18:00:00,6.363,2025-01-10 12:00:00,6.808410000000001,12.572685840012571,-5.765600000000009,SL,0.08,0.0856,SHORT,16_ranging_short_6Hutc,unknown,downtrend
0,8,20,5,4,7,AAVEUSDT,2025-01-10 12:00:00,290.91,2025-01-10 12:00:00,279.2736,0.2749991406276855,3.043200000000009,TP,0.08,0.0767999999999999,SHORT,16_ranging_short_6Hutc,unknown,downtrend
0,8,20,5,4,7,SNXUSDT,2025-01-10 18:00:00,1.839,2025-01-12 18:00:00,1.76544,43.50190320826536,3.043200000000003,TP,0.08,0.0768,SHORT,16_ranging_short_6Hutc,unknown,downtrend
0,8,20,5,4,7,AAVEUSDT,2025-01-10 18:00:00,289.9,2025-01-13 00:00:00,278.304,0.2759572266298724,3.043200000000001,TP,0.08,0.0768,SHORT,16_ranging_short_6Hutc,unknown,downtrend
0,8,20,5,4,7,AVAXUSDT,2025-01-10 18:00:00,37.373,2025-01-13 00:00:00,35.87808,2.140582773660129,3.043200000000001,TP,0.08,0.0768,SHORT,16_ranging_short_6Hutc,unknown,downtrend
0,8,20,5,4,7,ADAUSDT,2025-01-19 06:00:00,1.0792,2025-01-19 06:00:00,1.0360319999999998,74.12898443291327,3.0432000000000072,TP,0.08,0.0767999999999999,SHORT,16_ranging_short_6Hutc,unknown,downtrend
0,8,20,5,4,7,LINKUSDT,2025-01-19 06:00:00,23.652,2025-01-19 06:00:00,22.70592,3.382377811601556,3.043200000000007,TP,0.08,0.0768,SHORT,16_ranging_short_6Hutc,unknown,downtrend
0,8,20,5,4,7,NEARUSDT,2025-01-19 06:00:00,5.358,2025-01-19 06:00:00,5.14368,14.930944382232177,3.043199999999998,TP,0.08,0.0768,SHORT,16_ranging_short_6Hutc,unknown,downtrend
0,8,20,5,4,7,XRPUSDT,2025-01-19 06:00:00,3.2031,2025-01-19 06:00:00,3.074976,24.97580468920733,3.043200000000003,TP,0.08,0.0768,SHORT,16_ranging_short_6Hutc,unknown,downtrend
0,8,20,5,4,7,SUIUSDT,2025-01-19 06:00:00,4.8318,2025-01-19 18:00:00,4.638528,16.556976696055298,3.043200000000005,TP,0.08,0.0767999999999999,SHORT,16_ranging_short_6Hutc,unknown,downtrend
0,8,20,5,4,7,1000BONKUSDT,2025-01-20 00:00:00,0.032455,2025-01-20 00:00:00,0.0311568,2464.9514712679097,3.043199999999999,TP,0.08,0.0768,SHORT,16_ranging_short_6Hutc,unknown,downtrend
0,8,20,5,4,7,AAVEUSDT,2025-01-20 00:00:00,309.64,2025-01-20 00:00:00,297.2544,0.258364552383413,3.043200000000003,TP,0.08,0.0768,SHORT,16_ranging_short_6Hutc,unknown,downtrend
0,8,20,5,4,7,ETHUSDT,2025-01-20 00:00:00,3214.05,2025-01-20 06:00:00,3439.0335000000005,0.0248907142079308,-5.765600000000007,SL,0.08,0.0856,SHORT,16_ranging_short_6Hutc,unknown,downtrend
0,8,20,5,4,7,LINKUSDT,2025-01-20 00:00:00,24.332,2025-01-20 06:00:00,26.03524,3.287851389117212,-5.765600000000004,SL,0.08,0.0856,SHORT,16_ranging_short_6Hutc,unknown,downtrend
0,8,20,5,4,7,HBARUSDT,2025-01-20 18:00:00,0.34105,2025-01-21 00:00:00,0.327408,234.5697111860431,3.043199999999997,TP,0.08,0.0768,SHORT,16_ranging_short_6Hutc,unknown,downtrend
0,8,20,5,4,7,LINKUSDT,2025-01-20 18:00:00,24.662,2025-01-21 12:00:00,26.38834,3.2438569459086857,-5.765600000000002,SL,0.08,0.0856,SHORT,16_ranging_short_6Hutc,unknown,downtrend
0,8,20,5,4,7,BGBUSDT,2025-01-20 18:00:00,6.919,2025-01-24 12:00:00,7.40333,11.562364503540977,-5.76560000000001,SL,0.08,0.0856,SHORT,16_ranging_short_6Hutc,unknown,downtrend
0,8,20,5,4,7,NEARUSDT,2025-01-20 18:00:00,5.019,2025-01-26 18:00:00,4.81824,15.939430165371588,3.043199999999997,TP,0.08,0.0768,SHORT,16_ranging_short_6Hutc,unknown,downtrend
0,8,20,5,4,7,ETHUSDT,2025-01-20 18:00:00,3292.7,2025-01-27 00:00:00,3160.992,0.0242961703161539,3.0432000000000023,TP,0.08,0.0768,SHORT,16_ranging_short_6Hutc,unknown,downtrend
0,8,20,5,4,7,XRPUSDT,2025-01-20 18:00:00,3.1344,2025-01-27 00:00:00,3.009024,25.523226135783563,3.043200000000004,TP,0.08,0.0768,SHORT,16_ranging_short_6Hutc,unknown,downtrend
0,8,20,5,4,7,BTCUSDT,2025-01-20 18:00:00,102931.0,2025-01-27 06:00:00,98813.76,0.0007772196908608,3.043200000000004,TP,0.08,0.0768,SHORT,16_ranging_short_6Hutc,unknown,downtrend
0,8,20,5,4,7,1000BONKUSDT,2025-02-09 18:00:00,0.017454,2025-02-09 18:00:00,0.01675584,4583.476566976051,3.0431999999999984,TP,0.08,0.0768,SHORT,16_ranging_short_6Hutc,ranging,downtrend
0,8,20,5,4,7,ARBUSDT,2025-02-09 18:00:00,0.4516,2025-02-09 18:00:00,0.433536,177.14791851195747,3.043200000000004,TP,0.08,0.0767999999999999,SHORT,16_ranging_short_6Hutc,ranging,downtrend
0,8,20,5,4,7,AVAXUSDT,2025-02-09 18:00:00,24.84,2025-02-09 18:00:00,23.8464,3.2206119162640903,3.0432000000000023,TP,0.08,0.0768,SHORT,16_ranging_short_6Hutc,ranging,downtrend
0,8,20,5,4,7,DOGEUSDT,2025-02-09 18:00:00,0.25138,2025-02-09 18:00:00,0.2413247999999999,318.24329700055694,3.043200000000005,TP,0.08,0.0768,SHORT,16_ranging_short_6Hutc,ranging,downtrend
0,8,20,5,4,7,DOTUSDT,2025-02-09 18:00:00,4.778,2025-02-09 18:00:00,4.58688,16.74340728338217,3.043199999999996,TP,0.08,0.0768,SHORT,16_ranging_short_6Hutc,ranging,downtrend
0,8,20,5,4,7,FETUSDT,2025-02-09 18:00:00,0.7566,2025-02-09 18:00:00,0.726336,105.736188210415,3.0432000000000072,TP,0.08,0.0768,SHORT,16_ranging_short_6Hutc,ranging,downtrend
0,8,20,5,4,7,HBARUSDT,2025-02-09 18:00:00,0.23304,2025-02-09 18:00:00,0.2237183999999999,343.2887058015791,3.043200000000004,TP,0.08,0.0768,SHORT,16_ranging_short_6Hutc,ranging,downtrend
0,8,20,5,4,7,NEARUSDT,2025-02-09 18:00:00,3.236,2025-02-09 18:00:00,3.10656,24.72187886279357,3.043200000000005,TP,0.08,0.0768,SHORT,16_ranging_short_6Hutc,ranging,downtrend
0,8,20,5,4,7,SEIUSDT,2025-02-09 18:00:00,0.22723,2025-02-09 18:00:00,0.2181407999999999,352.0661884434274,3.0432000000000072,TP,0.08,0.0768,SHORT,16_ranging_short_6Hutc,ranging,downtrend
0,8,20,5,4,7,WLDUSDT,2025-02-09 18:00:00,1.2186,2025-02-09 18:00:00,1.1698559999999998,65.64910553093715,3.043200000000008,TP,0.08,0.0768,SHORT,16_ranging_short_6Hutc,ranging,downtrend
0,8,20,5,4,7,XRPUSDT,2025-02-09 18:00:00,2.4084,2025-02-09 18:00:00,2.312064,33.21707357581797,3.0431999999999992,TP,0.08,0.0768,SHORT,16_ranging_short_6Hutc,ranging,downtrend
0,8,20,5,4,7,BNBUSDT,2025-02-09 18:00:00,623.04,2025-02-10 00:00:00,598.1184,0.1284026707755521,3.043200000000002,TP,0.08,0.0768,SHORT,16_ranging_short_6Hutc,ranging,downtrend
0,8,20,5,4,7,SOLUSDT,2025-02-09 18:00:00,199.897,2025-02-12 12:00:00,191.90112,0.4002061061446645,3.0432,TP,0.08,0.0768,SHORT,16_ranging_short_6Hutc,ranging,downtrend
0,8,20,5,4,7,WLDUSDT,2025-02-13 06:00:00,1.2728,2025-02-13 06:00:00,1.221888,62.85355122564425,3.043200000000005,TP,0.08,0.0768,SHORT,16_ranging_short_6Hutc,ranging,downtrend
0,8,20,5,4,7,FETUSDT,2025-02-13 06:00:00,0.7962,2025-02-13 12:00:00,0.764352,100.4772670183371,3.043199999999999,TP,0.08,0.0768,SHORT,16_ranging_short_6Hutc,ranging,downtrend
0,8,20,5,4,7,HBARUSDT,2025-02-13 06:00:00,0.23111,2025-02-13 12:00:00,0.2218656,346.1555103630306,3.043200000000005,TP,0.08,0.0768,SHORT,16_ranging_short_6Hutc,ranging,downtrend
0,8,20,5,4,7,LINKUSDT,2025-02-13 06:00:00,19.007,2025-02-13 12:00:00,18.24672,4.20897564055348,3.043200000000007,TP,0.08,0.0768,SHORT,16_ranging_short_6Hutc,ranging,downtrend
0,8,20,5,4,7,SEIUSDT,2025-02-13 06:00:00,0.23735,2025-02-13 18:00:00,0.227856,337.0549820939541,3.043200000000001,TP,0.08,0.0768,SHORT,16_ranging_short_6Hutc,ranging,downtrend
0,8,20,5,4,7,1000BONKUSDT,2025-02-13 06:00:00,0.017896,2025-02-14 06:00:00,0.01914872,4470.272686633885,-5.765600000000012,SL,0.08,0.0856,SHORT,16_ranging_short_6Hutc,ranging,downtrend
0,8,20,5,4,7,HYPEUSDT,2025-02-13 06:00:00,24.949,2025-02-14 06:00:00,26.69543,3.206541344342458,-5.7656,SL,0.08,0.0856,SHORT,16_ranging_short_6Hutc,ranging,downtrend
0,8,20,5,4,7,SNXUSDT,2025-02-13 06:00:00,1.022,2025-02-14 06:00:00,0.98112,78.27788649706457,3.043200000000002,TP,0.08,0.0768,SHORT,16_ranging_short_6Hutc,ranging,downtrend
0,8,20,5,4,7,DOGEUSDT,2025-02-13 06:00:00,0.26181,2025-02-14 12:00:00,0.2801367,305.5651044650701,-5.765600000000009,SL,0.08,0.0856,SHORT,16_ranging_short_6Hutc,ranging,downtrend
0,8,20,5,4,7,AAVEUSDT,2025-02-13 06:00:00,252.01,2025-02-14 18:00:00,269.65070000000003,0.3174477203285584,-5.7656000000000125,SL,0.08,0.0856,SHORT,16_ranging_short_6Hutc,ranging,downtrend
0,8,20,5,4,7,NEARUSDT,2025-02-13 06:00:00,3.372,2025-02-14 18:00:00,3.60804,23.72479240806643,-5.765600000000002,SL,0.08,0.0856,SHORT,16_ranging_short_6Hutc,ranging,downtrend
0,8,20,5,4,7,ONDOUSDT,2025-02-13 06:00:00,1.3649,2025-02-15 00:00:00,1.310304,58.61235255330061,3.043200000000005,TP,0.08,0.0768,SHORT,16_ranging_short_6Hutc,ranging,downtrend
0,8,20,5,4,7,DOTUSDT,2025-02-13 06:00:00,5.168,2025-02-16 00:00:00,4.96128,15.479876160990711,3.043199999999997,TP,0.08,0.0768,SHORT,16_ranging_short_6Hutc,ranging,downtrend
0,8,20,5,4,7,APTUSDT,2025-02-13 06:00:00,6.126,2025-02-16 06:00:00,5.88096,13.05909239307868,3.043200000000005,TP,0.08,0.0768,SHORT,16_ranging_short_6Hutc,ranging,downtrend
0,8,20,5,4,7,AVAXUSDT,2025-02-13 06:00:00,25.964,2025-02-16 12:00:00,24.92544,3.081189339084887,3.043200000000001,TP,0.08,0.0768,SHORT,16_ranging_short_6Hutc,ranging,downtrend
0,8,20,5,4,7,ADAUSDT,2025-02-13 06:00:00,0.7817,2025-02-18 12:00:00,0.7504319999999999,102.34105155430473,3.043200000000008,TP,0.08,0.0768,SHORT,16_ranging_short_6Hutc,ranging,downtrend
0,8,20,5,4,7,ETHUSDT,2025-02-13 06:00:00,2719.99,2025-02-18 12:00:00,2611.1903999999995,0.0294118728377677,3.043200000000009,TP,0.08,0.0768,SHORT,16_ranging_short_6Hutc,ranging,downtrend
0,8,20,5,4,7,BGBUSDT,2025-02-18 12:00:00,5.028,2025-02-18 12:00:00,4.826879999999999,15.910898965791567,3.043200000000007,TP,0.08,0.0768,SHORT,16_ranging_short_6Hutc,trending,downtrend
0,8,20,5,4,7,TAOUSDT,2025-02-18 18:00:00,355.39,2025-02-18 18:00:00,380.2673,0.2251048144292186,-5.765600000000012,SL,0.08,0.0856,SHORT,16_ranging_short_6Hutc,trending,downtrend
0,8,20,5,4,7,SEIUSDT,2025-02-24 18:00:00,0.27907,2025-02-24 18:00:00,0.2679071999999999,286.6664277779769,3.043200000000009,TP,0.08,0.0768,SHORT,16_ranging_short_6Hutc,trending,downtrend
0,8,20,5,4,7,ENAUSDT,2025-02-26 12:00:00,0.4035,2025-02-26 12:00:00,0.431745,198.26517967781908,-5.7656000000000045,SL,0.08,0.0856,SHORT,16_ranging_short_6Hutc,trending,downtrend
0,8,20,5,4,7,SEIUSDT,2025-02-26 12:00:00,0.27682,2025-02-26 18:00:00,0.2657472,288.99645979336753,3.0431999999999984,TP,0.08,0.0768,SHORT,16_ranging_short_6Hutc,trending,downtrend
0,8,20,5,4,7,SEIUSDT,2025-02-26 18:00:00,0.27044,2025-02-27 12:00:00,0.2596224,295.81422866439874,3.043199999999995,TP,0.08,0.0768,SHORT,16_ranging_short_6Hutc,trending,downtrend
0,8,20,5,4,7,AAVEUSDT,2025-02-27 12:00:00,205.93,2025-02-27 18:00:00,197.6928,0.3884815228475695,3.0432,TP,0.08,0.0768,SHORT,16_ranging_short_6Hutc,trending,downtrend
0,8,20,5,4,7,FETUSDT,2025-02-27 12:00:00,0.6641,2025-02-27 18:00:00,0.637536,120.46378557446168,3.043200000000004,TP,0.08,0.0768,SHORT,16_ranging_short_6Hutc,trending,downtrend
0,8,20,5,4,7,SUIUSDT,2025-02-27 12:00:00,2.91,2025-02-27 18:00:00,2.7936,27.491408934707906,3.043200000000001,TP,0.08,0.0768,SHORT,16_ranging_short_6Hutc,trending,downtrend
0,8,20,5,4,7,ADAUSDT,2025-02-27 18:00:00,0.6546,2025-02-27 18:00:00,0.628416,122.21203788573176,3.0431999999999984,TP,0.08,0.0768,SHORT,16_ranging_short_6Hutc,trending,downtrend
0,8,20,5,4,7,ENAUSDT,2025-02-27 18:00:00,0.4286,2025-02-27 18:00:00,0.411456,186.65422305179652,3.043199999999999,TP,0.08,0.0768,SHORT,16_ranging_short_6Hutc,trending,downtrend
0,8,20,5,4,7,WIFUSDT,2025-02-27 18:00:00,0.59,2025-02-27 18:00:00,0.5663999999999999,135.59322033898306,3.043200000000009,TP,0.08,0.0768,SHORT,16_ranging_short_6Hutc,trending,downtrend
0,8,20,5,4,7,AAVEUSDT,2025-02-27 18:00:00,204.31,2025-02-28 00:00:00,196.1376,0.391561842298468,3.043200000000004,TP,0.08,0.0768,SHORT,16_ranging_short_6Hutc,trending,downtrend
0,8,20,5,4,7,ARBUSDT,2025-02-27 18:00:00,0.4264,2025-02-28 00:00:00,0.409344,187.6172607879925,3.0432000000000032,TP,0.08,0.0768,SHORT,16_ranging_short_6Hutc,trending,downtrend
0,8,20,5,4,7,AVAXUSDT,2025-02-27 18:00:00,22.544,2025-02-28 00:00:00,21.64224,3.5486160397445,3.043199999999998,TP,0.08,0.0768,SHORT,16_ranging_short_6Hutc,trending,downtrend
0,8,20,5,4,7,DOGEUSDT,2025-02-27 18:00:00,0.20909,2025-02-28 00:00:00,0.2007264,382.6103591754747,3.0432,TP,0.08,0.0768,SHORT,16_ranging_short_6Hutc,trending,downtrend
0,8,20,5,4,7,DOTUSDT,2025-02-27 18:00:00,4.995,2025-02-28 00:00:00,4.7952,16.016016016016017,3.043199999999996,TP,0.08,0.0768,SHORT,16_ranging_short_6Hutc,trending,downtrend
0,8,20,5,4,7,FETUSDT,2025-02-27 18:00:00,0.6515,2025-02-28 00:00:00,0.62544,122.79355333844974,3.043199999999997,TP,0.08,0.0768,SHORT,16_ranging_short_6Hutc,trending,downtrend
0,8,20,5,4,7,HYPEUSDT,2025-02-27 18:00:00,20.3,2025-02-28 00:00:00,19.488,3.940886699507389,3.043200000000005,TP,0.08,0.0768,SHORT,16_ranging_short_6Hutc,trending,downtrend
0,8,20,5,4,7,LINKUSDT,2025-02-27 18:00:00,15.308,2025-02-28 00:00:00,14.69568,5.226025607525477,3.0432000000000023,TP,0.08,0.0768,SHORT,16_ranging_short_6Hutc,trending,downtrend
0,8,20,5,4,7,LTCUSDT,2025-02-27 18:00:00,126.51,2025-02-28 00:00:00,121.4496,0.6323610781756382,3.043200000000001,TP,0.08,0.0768,SHORT,16_ranging_short_6Hutc,trending,downtrend
0,8,20,5,4,7,NEARUSDT,2025-02-27 18:00:00,3.091,2025-02-28 00:00:00,2.96736,25.88159171789065,3.0431999999999992,TP,0.08,0.0768,SHORT,16_ranging_short_6Hutc,trending,downtrend
0,8,20,5,4,7,ONDOUSDT,2025-02-27 18:00:00,0.9789,2025-02-28 00:00:00,0.939744,81.72438451322914,3.043200000000007,TP,0.08,0.0768,SHORT,16_ranging_short_6Hutc,trending,downtrend
0,8,20,5,4,7,PENGUUSDT,2025-02-27 18:00:00,0.008303,2025-02-28 00:00:00,0.00797088,9635.07166084548,3.0432,TP,0.08,0.0768,SHORT,16_ranging_short_6Hutc,trending,downtrend
0,8,20,5,4,7,SNXUSDT,2025-02-27 18:00:00,0.894,2025-02-28 00:00:00,0.85824,89.48545861297539,3.043200000000001,TP,0.08,0.0768,SHORT,16_ranging_short_6Hutc,trending,downtrend
0,8,20,5,4,7,SOLUSDT,2025-02-27 18:00:00,138.76,2025-02-28 00:00:00,133.2096,0.5765350245027385,3.043199999999997,TP,0.08,0.0768,SHORT,16_ranging_short_6Hutc,trending,downtrend
0,8,20,5,4,7,1000BONKUSDT,2025-02-28 00:00:00,0.013175,2025-02-28 00:00:00,0.012648,6072.106261859583,3.0431999999999984,TP,0.08,0.0768,SHORT,16_ranging_short_6Hutc,trending,downtrend
0,8,20,5,4,7,AAVEUSDT,2025-02-28 00:00:00,203.78,2025-02-28 00:00:00,195.6288,0.3925802335852389,3.0432000000000063,TP,0.08,0.0768,SHORT,16_ranging_short_6Hutc,trending,downtrend
0,8,20,5,4,7,APTUSDT,2025-02-28 00:00:00,6.153,2025-02-28 00:00:00,5.906879999999999,13.00178774581505,3.043200000000005,TP,0.08,0.0768,SHORT,16_ranging_short_6Hutc,trending,downtrend
0,8,20,5,4,7,ARBUSDT,2025-02-28 00:00:00,0.4248,2025-02-28 00:00:00,0.407808,188.32391713747649,3.043200000000001,TP,0.08,0.0768,SHORT,16_ranging_short_6Hutc,trending,downtrend
0,8,20,5,4,7,AVAXUSDT,2025-02-28 00:00:00,22.525,2025-02-28 00:00:00,21.624,3.551609322974473,3.0431999999999992,TP,0.08,0.0768,SHORT,16_ranging_short_6Hutc,trending,downtrend
0,8,20,5,4,7,DOGEUSDT,2025-02-28 00:00:00,0.20672,2025-02-28 00:00:00,0.1984511999999999,386.99690402476784,3.043200000000008,TP,0.08,0.0768,SHORT,16_ranging_short_6Hutc,trending,downtrend
0,8,20,5,4,7,DOTUSDT,2025-02-28 00:00:00,4.932,2025-02-28 00:00:00,4.73472,16.220600162206,3.043200000000002,TP,0.08,0.0768,SHORT,16_ranging_short_6Hutc,trending,downtrend
0,8,20,5,4,7,ENAUSDT,2025-02-28 00:00:00,0.4158,2025-02-28 00:00:00,0.3991679999999999,192.4001924001924,3.043200000000007,TP,0.08,0.0768,SHORT,16_ranging_short_6Hutc,trending,downtrend
0,8,20,5,4,7,LINKUSDT,2025-02-28 00:00:00,15.105,2025-02-28 00:00:00,14.5008,5.296259516716319,3.0432000000000023,TP,0.08,0.0768,SHORT,16_ranging_short_6Hutc,trending,downtrend
0,8,20,5,4,7,NEARUSDT,2025-02-28 00:00:00,3.055,2025-02-28 00:00:00,2.9328,26.18657937806874,3.043200000000008,TP,0.08,0.0768,SHORT,16_ranging_short_6Hutc,trending,downtrend
0,8,20,5,4,7,WIFUSDT,2025-02-28 00:00:00,0.5855,2025-02-28 00:00:00,0.56208,136.63535439795046,3.0431999999999992,TP,0.08,0.0768,SHORT,16_ranging_short_6Hutc,trending,downtrend
0,8,20,5,4,7,WLDUSDT,2025-02-28 00:00:00,1.1535,2025-02-28 00:00:00,1.10736,69.35413957520589,3.043200000000005,TP,0.08,0.0767999999999999,SHORT,16_ranging_short_6Hutc,trending,downtrend
0,8,20,5,4,7,LTCUSDT,2025-02-28 06:00:00,119.5,2025-02-28 06:00:00,114.72,0.6694560669456067,3.043200000000001,TP,0.08,0.0768,SHORT,16_ranging_short_6Hutc,trending,downtrend
0,8,20,5,4,7,HYPEUSDT,2025-02-28 06:00:00,18.85,2025-02-28 12:00:00,20.169500000000003,4.244031830238726,-5.765600000000006,SL,0.08,0.0856,SHORT,16_ranging_short_6Hutc,trending,downtrend
0,8,20,5,4,7,WIFUSDT,2025-02-28 06:00:00,0.5754,2025-02-28 12:00:00,0.6156780000000001,139.03371567605143,-5.7656000000000045,SL,0.08,0.0856,SHORT,16_ranging_short_6Hutc,trending,downtrend
0,8,20,5,4,7,AVAXUSDT,2025-03-03 18:00:00,23.018,2025-03-03 18:00:00,22.09728,3.4755408810496133,3.043199999999997,TP,0.08,0.0768,SHORT,16_ranging_short_6Hutc,trending,downtrend
0,8,20,5,4,7,BGBUSDT,2025-03-03 18:00:00,4.447,2025-03-03 18:00:00,4.26912,17.98965594783,3.043200000000001,TP,0.08,0.0768,SHORT,16_ranging_short_6Hutc,trending,downtrend
0,8,20,5,4,7,BTCUSDT,2025-03-03 18:00:00,90251.6,2025-03-03 18:00:00,86641.53600000001,0.0008864108780342,3.0431999999999984,TP,0.08,0.0768,SHORT,16_ranging_short_6Hutc,trending,downtrend
0,8,20,5,4,7,DOTUSDT,2025-03-03 18:00:00,4.862,2025-03-03 18:00:00,4.66752,16.454134101192924,3.043200000000007,TP,0.08,0.0768,SHORT,16_ranging_short_6Hutc,trending,downtrend
0,8,20,5,4,7,WLDUSDT,2025-03-03 18:00:00,1.1581,2025-03-03 18:00:00,1.111776,69.07866332786462,3.043200000000003,TP,0.08,0.0768,SHORT,16_ranging_short_6Hutc,trending,downtrend
0,8,20,5,4,7,AAVEUSDT,2025-03-10 18:00:00,181.01,2025-03-11 00:00:00,173.7696,0.4419645323462792,3.043199999999997,TP,0.08,0.0768,SHORT,16_ranging_short_6Hutc,trending,downtrend
0,8,20,5,4,7,SUIUSDT,2025-03-28 06:00:00,2.6511,2025-03-28 06:00:00,2.545056,30.17615329485874,3.043200000000008,TP,0.08,0.0768,SHORT,16_ranging_short_6Hutc,ranging,downtrend
0,8,20,5,4,7,SUIUSDT,2025-03-28 12:00:00,2.5534,2025-03-29 06:00:00,2.451264,31.330774653403303,3.0432000000000072,TP,0.08,0.0768,SHORT,16_ranging_short_6Hutc,ranging,downtrend
0,8,20,5,4,7,NEARUSDT,2025-03-30 18:00:00,2.607,2025-03-31 06:00:00,2.50272,30.68661296509397,3.043200000000004,TP,0.08,0.0768,SHORT,16_ranging_short_6Hutc,trending,downtrend
0,8,20,5,4,7,HYPEUSDT,2025-04-01 00:00:00,13.013,2025-04-01 06:00:00,13.92391,6.147698455390763,-5.765600000000008,SL,0.08,0.0856,SHORT,16_ranging_short_6Hutc,trending,downtrend
0,8,20,5,4,7,APTUSDT,2025-04-01 00:00:00,5.2631,2025-04-02 18:00:00,5.052575999999999,15.20016720183922,3.043200000000006,TP,0.08,0.0768,SHORT,16_ranging_short_6Hutc,trending,downtrend
0,8,20,5,4,7,1000BONKUSDT,2025-04-02 18:00:00,0.011952,2025-04-02 18:00:00,0.01147392,6693.440428380187,3.0432000000000032,TP,0.08,0.0768,SHORT,16_ranging_short_6Hutc,trending,downtrend
0,8,20,5,4,7,DOGEUSDT,2025-04-06 12:00:00,0.16425,2025-04-06 12:00:00,0.15768,487.0624048706241,3.043199999999996,TP,0.08,0.0768,SHORT,16_ranging_short_6Hutc,ranging,downtrend
0,8,20,5,4,7,ENAUSDT,2025-04-06 12:00:00,0.3068,2025-04-06 12:00:00,0.294528,260.7561929595828,3.043200000000001,TP,0.08,0.0768,SHORT,16_ranging_short_6Hutc,ranging,downtrend
0,8,20,5,4,7,PENGUUSDT,2025-04-06 12:00:00,0.004635,2025-04-06 12:00:00,0.0044496,17259.97842502697,3.043200000000009,TP,0.08,0.0768,SHORT,16_ranging_short_6Hutc,ranging,downtrend
0,8,20,5,4,7,SNXUSDT,2025-04-06 12:00:00,0.672,2025-04-06 12:00:00,0.64512,119.04761904761904,3.043200000000001,TP,0.08,0.0768,SHORT,16_ranging_short_6Hutc,ranging,downtrend
0,8,20,5,4,7,SOLUSDT,2025-04-06 12:00:00,118.581,2025-04-06 12:00:00,113.83776,0.6746443359391471,3.0432,TP,0.08,0.0768,SHORT,16_ranging_short_6Hutc,ranging,downtrend
0,8,20,5,4,7,TAOUSDT,2025-04-06 12:00:00,214.0,2025-04-06 12:00:00,205.44,0.3738317757009345,3.043200000000001,TP,0.08,0.0768,SHORT,16_ranging_short_6Hutc,ranging,downtrend
0,8,20,5,4,7,XRPUSDT,2025-04-06 12:00:00,2.084,2025-04-06 18:00:00,2.00064,38.38771593090211,3.0431999999999952,TP,0.08,0.0768,SHORT,16_ranging_short_6Hutc,ranging,downtrend
0,8,20,5,4,7,AVAXUSDT,2025-04-08 18:00:00,16.494,2025-04-09 00:00:00,15.83424,4.8502485752394815,3.043200000000002,TP,0.08,0.0768,SHORT,16_ranging_short_6Hutc,trending,downtrend
0,8,20,5,4,7,BCHUSDT,2025-04-08 18:00:00,272.95,2025-04-09 00:00:00,262.032,0.2930939732551749,3.043200000000002,TP,0.08,0.0768,SHORT,16_ranging_short_6Hutc,trending,downtrend
0,8,20,5,4,7,FETUSDT,2025-04-08 18:00:00,0.3841,2025-04-09 00:00:00,0.368736,208.2790939859412,3.043199999999997,TP,0.08,0.0768,SHORT,16_ranging_short_6Hutc,trending,downtrend
0,8,20,5,4,7,ONDOUSDT,2025-04-08 18:00:00,0.7283,2025-04-09 00:00:00,0.6991679999999999,109.84484415762736,3.043200000000005,TP,0.08,0.0768,SHORT,16_ranging_short_6Hutc,trending,downtrend
0,8,20,5,4,7,BTCUSDT,2025-04-08 18:00:00,77312.2,2025-04-09 18:00:00,82724.054,0.0010347655350643,-5.765600000000007,SL,0.08,0.0856,SHORT,16_ranging_short_6Hutc,trending,downtrend
0,8,20,5,4,7,BNBUSDT,2025-04-08 18:00:00,555.35,2025-04-12 12:00:00,594.2245,0.1440532997208967,-5.765600000000002,SL,0.08,0.0856,SHORT,16_ranging_short_6Hutc,trending,downtrend
0,8,20,5,4,7,FARTCOINUSDT,2025-04-16 18:00:00,0.8807,2025-04-16 18:00:00,0.942349,90.83683433632338,-5.765600000000006,SL,0.08,0.0856,SHORT,16_ranging_short_6Hutc,ranging,downtrend
0,8,20,5,4,7,FETUSDT,2025-04-30 12:00:00,0.7237,2025-04-30 12:00:00,0.694752,110.54304269725024,3.043199999999997,TP,0.08,0.0768,SHORT,16_ranging_short_6Hutc,ranging,downtrend
0,8,20,5,4,7,HYPEUSDT,2025-04-30 18:00:00,18.706,2025-04-30 18:00:00,20.01542,4.276702662247407,-5.765599999999997,SL,0.08,0.0856,SHORT,16_ranging_short_6Hutc,ranging,downtrend
0,8,20,5,4,7,FETUSDT,2025-04-30 18:00:00,0.712,2025-05-01 00:00:00,0.76184,112.35955056179776,-5.7656,SL,0.08,0.0856,SHORT,16_ranging_short_6Hutc,ranging,downtrend
0,8,20,5,4,7,BCHUSDT,2025-04-30 18:00:00,364.46,2025-05-05 00:00:00,349.8816,0.219502826098886,3.043199999999997,TP,0.08,0.0768,SHORT,16_ranging_short_6Hutc,ranging,downtrend
0,8,20,5,4,7,AAVEUSDT,2025-05-05 12:00:00,175.96,2025-05-06 06:00:00,168.9216,0.4546487838145033,3.043199999999998,TP,0.08,0.0768,SHORT,16_ranging_short_6Hutc,ranging,downtrend
0,8,20,5,4,7,1000BONKUSDT,2025-05-05 12:00:00,0.016625,2025-05-06 18:00:00,0.01596,4812.0300751879695,3.0431999999999944,TP,0.08,0.0768,SHORT,16_ranging_short_6Hutc,ranging,downtrend
0,8,20,5,4,7,FARTCOINUSDT,2025-05-05 12:00:00,1.0962,2025-05-06 18:00:00,1.052352,72.9793833242109,3.043200000000008,TP,0.08,0.0767999999999999,SHORT,16_ranging_short_6Hutc,ranging,downtrend
0,8,20,5,4,7,TAOUSDT,2025-05-05 12:00:00,355.76,2025-05-07 00:00:00,380.6632,0.2248706993478749,-5.765600000000007,SL,0.08,0.0856,SHORT,16_ranging_short_6Hutc,ranging,downtrend
0,8,20,5,4,7,ADAUSDT,2025-05-12 18:00:00,0.8142,2025-05-12 18:00:00,0.781632,98.25595676737902,3.043200000000004,TP,0.08,0.0768,SHORT,16_ranging_short_6Hutc,ranging,downtrend
0,8,20,5,4,7,APTUSDT,2025-05-12 18:00:00,5.8751,2025-05-12 18:00:00,5.640096,13.616789501455296,3.0432,TP,0.08,0.0768,SHORT,16_ranging_short_6Hutc,ranging,downtrend
0,8,20,5,4,7,DOTUSDT,2025-05-12 18:00:00,5.105,2025-05-12 18:00:00,4.9008,15.670910871694415,3.043200000000002,TP,0.08,0.0768,SHORT,16_ranging_short_6Hutc,ranging,downtrend
0,8,20,5,4,7,ENAUSDT,2025-05-12 18:00:00,0.3926,2025-05-12 18:00:00,0.376896,203.76974019358124,3.043199999999999,TP,0.08,0.0768,SHORT,16_ranging_short_6Hutc,ranging,downtrend
0,8,20,5,4,7,FARTCOINUSDT,2025-05-12 18:00:00,1.3136,2025-05-12 18:00:00,1.405552,60.90133982947624,-5.765600000000002,SL,0.08,0.0856,SHORT,16_ranging_short_6Hutc,ranging,downtrend
0,8,20,5,4,7,LINKUSDT,2025-05-12 18:00:00,16.717,2025-05-12 18:00:00,16.048319999999997,4.785547646108752,3.043200000000009,TP,0.08,0.0767999999999999,SHORT,16_ranging_short_6Hutc,ranging,downtrend
0,8,20,5,4,7,NEARUSDT,2025-05-12 18:00:00,3.152,2025-05-12 18:00:00,3.02592,25.38071065989848,3.0431999999999992,TP,0.08,0.0768,SHORT,16_ranging_short_6Hutc,ranging,downtrend
0,8,20,5,4,7,SEIUSDT,2025-05-12 18:00:00,0.25767,2025-05-12 18:00:00,0.2473632,310.474638103,3.043200000000001,TP,0.08,0.0768,SHORT,16_ranging_short_6Hutc,ranging,downtrend
0,8,20,5,4,7,SNXUSDT,2025-05-12 18:00:00,0.8761,2025-05-12 18:00:00,0.8410559999999999,91.31377696609977,3.0432000000000072,TP,0.08,0.0768,SHORT,16_ranging_short_6Hutc,ranging,downtrend
0,8,20,5,4,7,WLDUSDT,2025-05-12 18:00:00,1.2644,2025-05-12 18:00:00,1.213824,63.27111673521038,3.043199999999997,TP,0.08,0.0768,SHORT,16_ranging_short_6Hutc,ranging,downtrend
0,8,20,5,4,7,AVAXUSDT,2025-05-12 18:00:00,24.701,2025-05-13 00:00:00,23.71296,3.238735273875552,3.043200000000005,TP,0.08,0.0768,SHORT,16_ranging_short_6Hutc,ranging,downtrend
0,8,20,5,4,7,ETHUSDT,2025-05-12 18:00:00,2475.72,2025-05-13 18:00:00,2649.0204,0.0323138319357601,-5.765600000000003,SL,0.08,0.0856,SHORT,16_ranging_short_6Hutc,ranging,downtrend
0,8,20,5,4,7,TAOUSDT,2025-05-12 18:00:00,449.74,2025-05-15 06:00:00,431.7504,0.1778805532085204,3.0431999999999992,TP,0.08,0.0768,SHORT,16_ranging_short_6Hutc,ranging,downtrend
0,8,20,5,4,7,BNBUSDT,2025-05-12 18:00:00,661.89,2025-05-17 00:00:00,635.4144,0.1208660049252897,3.0431999999999984,TP,0.08,0.0768,SHORT,16_ranging_short_6Hutc,ranging,downtrend
0,8,20,5,4,7,AAVEUSDT,2025-05-17 00:00:00,231.09,2025-05-17 00:00:00,221.8464,0.3461854688649444,3.043200000000005,TP,0.08,0.0768,SHORT,16_ranging_short_6Hutc,ranging,downtrend
0,8,20,5,4,7,HYPEUSDT,2025-05-17 00:00:00,26.81,2025-05-17 18:00:00,25.7376,2.9839612085042897,3.043200000000005,TP,0.08,0.0768,SHORT,16_ranging_short_6Hutc,ranging,downtrend
0,8,20,5,4,7,LTCUSDT,2025-05-17 00:00:00,99.48,2025-05-19 00:00:00,95.5008,0.8041817450743868,3.043200000000005,TP,0.08,0.0768,SHORT,16_ranging_short_6Hutc,ranging,downtrend
0,8,20,5,4,7,BCHUSDT,2025-05-17 00:00:00,395.54,2025-05-19 06:00:00,379.7184,0.2022551448652475,3.043199999999998,TP,0.08,0.0768,SHORT,16_ranging_short_6Hutc,ranging,downtrend
0,8,20,5,4,7,PENGUUSDT,2025-05-23 06:00:00,0.014276,2025-05-23 06:00:00,0.01370496,5603.810591202017,3.043200000000001,TP,0.08,0.0768,SHORT,16_ranging_short_6Hutc,trending,downtrend
0,8,20,5,4,7,ADAUSDT,2025-05-23 12:00:00,0.782,2025-05-23 18:00:00,0.75072,102.30179028132991,3.043199999999997,TP,0.08,0.0768,SHORT,16_ranging_short_6Hutc,ranging,downtrend
0,8,20,5,4,7,APTUSDT,2025-05-23 12:00:00,5.6175,2025-05-23 18:00:00,5.392799999999999,14.241210502892748,3.043200000000005,TP,0.08,0.0768,SHORT,16_ranging_short_6Hutc,ranging,downtrend
0,8,20,5,4,7,ARBUSDT,2025-05-23 12:00:00,0.41,2025-05-23 18:00:00,0.3935999999999999,195.1219512195122,3.043200000000005,TP,0.08,0.0768,SHORT,16_ranging_short_6Hutc,ranging,downtrend
0,8,20,5,4,7,AVAXUSDT,2025-05-23 12:00:00,24.46,2025-05-23 18:00:00,23.4816,3.270645952575633,3.043200000000002,TP,0.08,0.0768,SHORT,16_ranging_short_6Hutc,ranging,downtrend
0,8,20,5,4,7,DOGEUSDT,2025-05-23 12:00:00,0.23523,2025-05-23 18:00:00,0.2258208,340.09267525400674,3.0432000000000023,TP,0.08,0.0768,SHORT,16_ranging_short_6Hutc,ranging,downtrend
0,8,20,5,4,7,DOTUSDT,2025-05-23 12:00:00,4.744,2025-05-23 18:00:00,4.554239999999999,16.863406408094434,3.04320000000001,TP,0.08,0.0767999999999999,SHORT,16_ranging_short_6Hutc,ranging,downtrend
0,8,20,5,4,7,ENAUSDT,2025-05-23 12:00:00,0.4003,2025-05-23 18:00:00,0.3842879999999999,199.85011241568824,3.043200000000005,TP,0.08,0.0768,SHORT,16_ranging_short_6Hutc,ranging,downtrend
0,8,20,5,4,7,HBARUSDT,2025-05-23 12:00:00,0.19781,2025-05-23 18:00:00,0.1898976,404.4284919872605,3.043200000000005,TP,0.08,0.0768,SHORT,16_ranging_short_6Hutc,ranging,downtrend
0,8,20,5,4,7,LINKUSDT,2025-05-23 12:00:00,16.306,2025-05-23 18:00:00,15.65376,4.906169508156506,3.043200000000004,TP,0.08,0.0768,SHORT,16_ranging_short_6Hutc,ranging,downtrend
0,8,20,5,4,7,NEARUSDT,2025-05-23 12:00:00,2.926,2025-05-23 18:00:00,2.80896,27.34107997265892,3.043200000000007,TP,0.08,0.0768,SHORT,16_ranging_short_6Hutc,ranging,downtrend
0,8,20,5,4,7,ONDOUSDT,2025-05-23 12:00:00,0.9783,2025-05-23 18:00:00,0.939168,81.77450679750588,3.043200000000005,TP,0.08,0.0768,SHORT,16_ranging_short_6Hutc,ranging,downtrend
0,8,20,5,4,7,PENGUUSDT,2025-05-23 12:00:00,0.01344,2025-05-23 18:00:00,0.0129024,5952.380952380952,3.043200000000005,TP,0.08,0.0768,SHORT,16_ranging_short_6Hutc,ranging,downtrend
0,8,20,5,4,7,SEIUSDT,2025-05-23 12:00:00,0.23627,2025-05-23 18:00:00,0.2268192,338.595674440259,3.043200000000003,TP,0.08,0.0768,SHORT,16_ranging_short_6Hutc,ranging,downtrend
0,8,20,5,4,7,SNXUSDT,2025-05-23 12:00:00,0.8214,2025-05-23 18:00:00,0.788544,97.39469198928658,3.0432,TP,0.08,0.0768,SHORT,16_ranging_short_6Hutc,ranging,downtrend
0,8,20,5,4,7,TAOUSDT,2025-05-23 12:00:00,447.4,2025-05-23 18:00:00,429.504,0.1788109074653553,3.043200000000003,TP,0.08,0.0768,SHORT,16_ranging_short_6Hutc,ranging,downtrend
0,8,20,5,4,7,BCHUSDT,2025-05-23 12:00:00,432.32,2025-05-25 00:00:00,415.0272,0.1850481125092524,3.0432,TP,0.08,0.0768,SHORT,16_ranging_short_6Hutc,ranging,downtrend
0,8,20,5,4,7,SOLUSDT,2025-05-23 12:00:00,177.89,2025-05-25 00:00:00,170.7744,0.4497161167013323,3.043200000000001,TP,0.08,0.0768,SHORT,16_ranging_short_6Hutc,ranging,downtrend
0,8,20,5,4,7,BGBUSDT,2025-05-23 12:00:00,5.506,2025-05-25 06:00:00,5.28576,14.52960406828914,3.0432000000000063,TP,0.08,0.0768,SHORT,16_ranging_short_6Hutc,ranging,downtrend
0,8,20,5,4,7,LTCUSDT,2025-05-23 12:00:00,97.37,2025-05-25 12:00:00,93.4752,0.8216082982438122,3.043200000000003,TP,0.08,0.0768,SHORT,16_ranging_short_6Hutc,ranging,downtrend
0,8,20,5,4,7,ETHUSDT,2025-05-23 12:00:00,2565.0,2025-05-29 00:00:00,2744.55,0.0311890838206627,-5.765600000000005,SL,0.08,0.0856,SHORT,16_ranging_short_6Hutc,ranging,downtrend
0,8,20,5,4,7,BTCUSDT,2025-05-23 12:00:00,109041.8,2025-05-30 00:00:00,104680.128,0.0007336636042325,3.043200000000005,TP,0.08,0.0768,SHORT,16_ranging_short_6Hutc,ranging,downtrend
0,8,20,5,4,7,BNBUSDT,2025-05-23 12:00:00,671.64,2025-06-05 00:00:00,666.27,0.1191114287415877,0.4802680007146692,SELL_AFTER,0.08,0.0793603716276576,SHORT,16_ranging_short_6Hutc,ranging,downtrend
0,8,20,5,4,7,ARBUSDT,2025-06-05 00:00:00,0.359,2025-06-05 12:00:00,0.3446399999999999,222.84122562674096,3.043200000000009,TP,0.08,0.0768,SHORT,16_ranging_short_6Hutc,ranging,downtrend
0,8,20,5,4,7,FETUSDT,2025-06-05 00:00:00,0.7975,2025-06-05 12:00:00,0.7656,100.31347962382443,3.043200000000004,TP,0.08,0.0768,SHORT,16_ranging_short_6Hutc,ranging,downtrend
0,8,20,5,4,7,HYPEUSDT,2025-06-05 00:00:00,35.595,2025-06-05 12:00:00,34.1712,2.247506672285433,3.0432,TP,0.08,0.0768,SHORT,16_ranging_short_6Hutc,ranging,downtrend
0,8,20,5,4,7,AAVEUSDT,2025-06-05 00:00:00,264.21,2025-06-05 18:00:00,253.6416,0.3027894477877446,3.0431999999999992,TP,0.08,0.0768,SHORT,16_ranging_short_6Hutc,ranging,downtrend
0,8,20,5,4,7,ETHUSDT,2025-06-05 00:00:00,2606.53,2025-06-05 18:00:00,2502.2688000000003,0.030692146263423,3.043199999999997,TP,0.08,0.0768,SHORT,16_ranging_short_6Hutc,ranging,downtrend
0,8,20,5,4,7,NEARUSDT,2025-06-05 00:00:00,2.435,2025-06-05 18:00:00,2.3376,32.85420944558521,3.043199999999997,TP,0.08,0.0768,SHORT,16_ranging_short_6Hutc,ranging,downtrend
0,8,20,5,4,7,XRPUSDT,2025-06-05 00:00:00,2.1998,2025-06-05 18:00:00,2.111808,36.36694244931357,3.0432000000000103,TP,0.08,0.0767999999999999,SHORT,16_ranging_short_6Hutc,ranging,downtrend
0,8,20,5,4,7,BCHUSDT,2025-06-07 00:00:00,395.47,2025-06-09 06:00:00,423.1529000000001,0.2022909449515766,-5.765600000000004,SL,0.08,0.0856,SHORT,16_ranging_short_6Hutc,ranging,downtrend
0,8,20,5,4,7,TAOUSDT,2025-06-07 00:00:00,367.33,2025-06-09 06:00:00,393.0431,0.2177878202161544,-5.7656,SL,0.08,0.0856,SHORT,16_ranging_short_6Hutc,ranging,downtrend
0,8,20,5,4,7,ADAUSDT,2025-06-07 00:00:00,0.6549,2025-06-09 18:00:00,0.7007430000000001,122.15605435944418,-5.76560000000001,SL,0.08,0.0856,SHORT,16_ranging_short_6Hutc,ranging,downtrend
0,8,20,5,4,7,HBARUSDT,2025-06-07 00:00:00,0.16436,2025-06-09 18:00:00,0.1758652,486.7364322219518,-5.765600000000011,SL,0.08,0.0856,SHORT,16_ranging_short_6Hutc,ranging,downtrend
0,8,20,5,4,7,BCHUSDT,2025-06-14 06:00:00,435.73,2025-06-15 18:00:00,466.2311,0.1835999357400224,-5.765600000000002,SL,0.08,0.0856,SHORT,16_ranging_short_6Hutc,ranging,downtrend
0,8,20,5,4,7,FARTCOINUSDT,2025-06-16 00:00:00,1.2092,2025-06-16 06:00:00,1.2938440000000002,66.15944426066821,-5.765600000000011,SL,0.08,0.0856,SHORT,16_ranging_short_6Hutc,ranging,downtrend
0,8,20,5,4,7,HYPEUSDT,2025-06-16 00:00:00,41.141,2025-06-16 06:00:00,44.02087,1.9445322184681948,-5.765600000000008,SL,0.08,0.0856,SHORT,16_ranging_short_6Hutc,ranging,downtrend
0,8,20,5,4,7,TAOUSDT,2025-06-16 00:00:00,367.19,2025-06-17 00:00:00,352.5024,0.2178708570494839,3.043200000000007,TP,0.08,0.0768,SHORT,16_ranging_short_6Hutc,ranging,downtrend
0,8,20,5,4,7,BCHUSDT,2025-06-20 12:00:00,485.33,2025-06-21 00:00:00,465.9168,0.1648362969525889,3.0432000000000032,TP,0.08,0.0768,SHORT,16_ranging_short_6Hutc,ranging,downtrend
0,8,20,5,4,7,BCHUSDT,2025-06-21 00:00:00,473.41,2025-06-22 12:00:00,454.4736,0.1689867134196573,3.0431999999999984,TP,0.08,0.0768,SHORT,16_ranging_short_6Hutc,ranging,downtrend
0,8,20,5,4,7,1000BONKUSDT,2025-07-01 00:00:00,0.014525,2025-07-01 00:00:00,0.013944,5507.745266781411,3.0432,TP,0.08,0.0768,SHORT,16_ranging_short_6Hutc,ranging,downtrend
0,8,20,5,4,7,WIFUSDT,2025-07-01 00:00:00,0.866,2025-07-01 00:00:00,0.83136,92.37875288683604,3.0432,TP,0.08,0.0768,SHORT,16_ranging_short_6Hutc,ranging,downtrend
0,8,20,5,4,7,FARTCOINUSDT,2025-07-01 00:00:00,1.1425,2025-07-01 06:00:00,1.0968,70.02188183807439,3.043200000000005,TP,0.08,0.0768,SHORT,16_ranging_short_6Hutc,ranging,downtrend
0,8,20,5,4,7,SOLUSDT,2025-07-01 00:00:00,154.761,2025-07-01 06:00:00,148.57056,0.5169260989525785,3.043199999999997,TP,0.08,0.0768,SHORT,16_ranging_short_6Hutc,ranging,downtrend
0,8,20,5,4,7,ENAUSDT,2025-07-01 00:00:00,0.2663,2025-07-01 12:00:00,0.255648,300.41306796845663,3.0431999999999984,TP,0.08,0.0768,SHORT,16_ranging_short_6Hutc,ranging,downtrend
0,8,20,5,4,7,TAOUSDT,2025-07-01 00:00:00,334.64,2025-07-01 12:00:00,321.2544,0.2390628735357399,3.043200000000003,TP,0.08,0.0768,SHORT,16_ranging_short_6Hutc,ranging,downtrend
0,8,20,5,4,7,WLDUSDT,2025-07-01 00:00:00,0.8987,2025-07-01 12:00:00,0.8627520000000001,89.01746967842439,3.0431999999999984,TP,0.08,0.0768,SHORT,16_ranging_short_6Hutc,ranging,downtrend
0,8,20,5,4,7,HYPEUSDT,2025-07-01 00:00:00,39.522,2025-07-01 18:00:00,37.94112,2.024189059258134,3.043200000000001,TP,0.08,0.0768,SHORT,16_ranging_short_6Hutc,ranging,downtrend
0,8,20,5,4,7,ONDOUSDT,2025-07-01 00:00:00,0.7679,2025-07-01 18:00:00,0.737184,104.18023180101576,3.043200000000008,TP,0.08,0.0767999999999999,SHORT,16_ranging_short_6Hutc,ranging,downtrend
0,8,20,5,4,7,BCHUSDT,2025-07-01 00:00:00,505.43,2025-07-04 00:00:00,485.2128,0.158281067605801,3.0431999999999984,TP,0.08,0.0768,SHORT,16_ranging_short_6Hutc,ranging,downtrend
0,8,20,5,4,7,DOGEUSDT,2025-07-07 12:00:00,0.17083,2025-07-09 18:00:00,0.1827881,468.3018205233273,-5.7656,SL,0.08,0.0856,SHORT,16_ranging_short_6Hutc,ranging,downtrend
0,8,20,5,4,7,NEARUSDT,2025-07-07 12:00:00,2.166,2025-07-09 18:00:00,2.31762,36.93444136657433,-5.7656000000000125,SL,0.08,0.0856,SHORT,16_ranging_short_6Hutc,ranging,downtrend
0,8,20,5,4,7,WIFUSDT,2025-07-07 12:00:00,0.8556,2025-07-09 18:00:00,0.915492,93.50163627863488,-5.765600000000005,SL,0.08,0.0856,SHORT,16_ranging_short_6Hutc,ranging,downtrend
0,8,20,5,4,7,ONDOUSDT,2025-07-07 12:00:00,0.79,2025-07-10 00:00:00,0.8453,101.26582278481013,-5.765600000000002,SL,0.08,0.0856,SHORT,16_ranging_short_6Hutc,ranging,downtrend
0,8,20,5,4,7,FETUSDT,2025-07-07 12:00:00,0.6714,2025-07-10 12:00:00,0.7183980000000001,119.15400655347035,-5.7656000000000125,SL,0.08,0.0856,SHORT,16_ranging_short_6Hutc,ranging,downtrend
0,8,20,5,4,7,WLDUSDT,2025-07-07 12:00:00,0.8809,2025-07-10 12:00:00,0.942563,90.8162106936088,-5.765600000000003,SL,0.08,0.0856,SHORT,16_ranging_short_6Hutc,ranging,downtrend
0,8,20,5,4,7,AAVEUSDT,2025-07-22 00:00:00,322.48,2025-07-22 00:00:00,309.5808,0.2480774001488464,3.043200000000002,TP,0.08,0.0768,SHORT,16_ranging_short_6Hutc,ranging,downtrend
0,8,20,5,4,7,APTUSDT,2025-07-22 00:00:00,5.4109,2025-07-22 00:00:00,5.194464,14.784971076900332,3.043199999999998,TP,0.08,0.0768,SHORT,16_ranging_short_6Hutc,ranging,downtrend
0,8,20,5,4,7,ARBUSDT,2025-07-22 00:00:00,0.4861,2025-07-22 00:00:00,0.4666559999999999,164.57519029006377,3.043200000000003,TP,0.08,0.0768,SHORT,16_ranging_short_6Hutc,ranging,downtrend
0,8,20,5,4,7,DOGEUSDT,2025-07-22 00:00:00,0.27183,2025-07-22 00:00:00,0.2609568,294.3015855497921,3.043200000000008,TP,0.08,0.0768,SHORT,16_ranging_short_6Hutc,ranging,downtrend
0,8,20,5,4,7,DOTUSDT,2025-07-22 00:00:00,4.504,2025-07-22 00:00:00,4.32384,17.761989342806395,3.043199999999998,TP,0.08,0.0768,SHORT,16_ranging_short_6Hutc,ranging,downtrend
0,8,20,5,4,7,FETUSDT,2025-07-22 00:00:00,0.843,2025-07-22 00:00:00,0.8092799999999999,94.89916963226572,3.043200000000008,TP,0.08,0.0768,SHORT,16_ranging_short_6Hutc,ranging,downtrend
0,8,20,5,4,7,NEARUSDT,2025-07-22 00:00:00,3.026,2025-07-22 00:00:00,2.9049599999999995,26.437541308658297,3.0432000000000072,TP,0.08,0.0768,SHORT,16_ranging_short_6Hutc,ranging,downtrend
0,8,20,5,4,7,ONDOUSDT,2025-07-22 00:00:00,1.0761,2025-07-22 00:00:00,1.033056,74.34253322181954,3.0432000000000063,TP,0.08,0.0768,SHORT,16_ranging_short_6Hutc,ranging,downtrend
0,8,20,5,4,7,SEIUSDT,2025-07-22 00:00:00,0.35598,2025-07-22 00:00:00,0.3417408,224.7317265014888,3.043200000000001,TP,0.08,0.0768,SHORT,16_ranging_short_6Hutc,ranging,downtrend
0,8,20,5,4,7,SNXUSDT,2025-07-22 00:00:00,0.7564,2025-07-22 00:00:00,0.7261439999999999,105.76414595452142,3.043200000000007,TP,0.08,0.0768,SHORT,16_ranging_short_6Hutc,ranging,downtrend
0,8,20,5,4,7,ADAUSDT,2025-07-22 00:00:00,0.8903,2025-07-22 06:00:00,0.854688,89.85735145456587,3.043199999999998,TP,0.08,0.0768,SHORT,16_ranging_short_6Hutc,ranging,downtrend
0,8,20,5,4,7,HBARUSDT,2025-07-22 00:00:00,0.27164,2025-07-22 06:00:00,0.2607743999999999,294.5074363127669,3.043200000000009,TP,0.08,0.0768,SHORT,16_ranging_short_6Hutc,ranging,downtrend
0,8,20,5,4,7,LINKUSDT,2025-07-22 00:00:00,19.518,2025-07-22 06:00:00,18.73728,4.098780612767701,3.043200000000009,TP,0.08,0.0767999999999999,SHORT,16_ranging_short_6Hutc,ranging,downtrend
0,8,20,5,4,7,SUIUSDT,2025-07-22 00:00:00,3.9657,2025-07-22 06:00:00,3.807072,20.172983332072523,3.043200000000005,TP,0.08,0.0768,SHORT,16_ranging_short_6Hutc,ranging,downtrend
0,8,20,5,4,7,AVAXUSDT,2025-07-22 00:00:00,25.453,2025-07-23 12:00:00,24.43488,3.143047970769654,3.0431999999999992,TP,0.08,0.0768,SHORT,16_ranging_short_6Hutc,ranging,downtrend
0,8,20,5,4,7,ETHUSDT,2025-07-22 00:00:00,3761.05,2025-07-23 12:00:00,3610.608,0.0212706558009066,3.0432,TP,0.08,0.0768,SHORT,16_ranging_short_6Hutc,ranging,downtrend
0,8,20,5,4,7,LTCUSDT,2025-07-22 00:00:00,115.6,2025-07-23 12:00:00,110.97599999999998,0.6920415224913495,3.043200000000007,TP,0.08,0.0768,SHORT,16_ranging_short_6Hutc,ranging,downtrend
0,8,20,5,4,7,XRPUSDT,2025-07-22 00:00:00,3.5498,2025-07-23 12:00:00,3.407808,22.53648092850301,3.043200000000003,TP,0.08,0.0768,SHORT,16_ranging_short_6Hutc,ranging,downtrend
0,8,20,5,4,7,BCHUSDT,2025-07-22 00:00:00,523.16,2025-07-23 18:00:00,502.2336,0.1529168896704641,3.0432,TP,0.08,0.0768,SHORT,16_ranging_short_6Hutc,ranging,downtrend
0,8,20,5,4,7,BNBUSDT,2025-07-29 00:00:00,824.31,2025-07-30 06:00:00,791.3376,0.0970508667855539,3.0431999999999992,TP,0.08,0.0768,SHORT,16_ranging_short_6Hutc,ranging,downtrend
0,8,20,5,4,7,HYPEUSDT,2025-07-29 00:00:00,43.767,2025-07-30 18:00:00,42.01632,1.8278611739438388,3.043200000000005,TP,0.08,0.0768,SHORT,16_ranging_short_6Hutc,ranging,downtrend
0,8,20,5,4,7,BCHUSDT,2025-07-29 00:00:00,572.69,2025-08-01 12:00:00,549.7824,0.1396916307251741,3.0432,TP,0.08,0.0768,SHORT,16_ranging_short_6Hutc,ranging,downtrend
0,8,20,5,4,7,LTCUSDT,2025-08-02 12:00:00,106.95,2025-08-04 12:00:00,114.4365,0.748013090229079,-5.765600000000005,SL,0.08,0.0856,SHORT,16_ranging_short_6Hutc,trending,downtrend
0,8,20,5,4,7,1000BONKUSDT,2025-08-14 12:00:00,0.025965,2025-08-14 12:00:00,0.0249263999999999,3081.0706720585404,3.043200000000002,TP,0.08,0.0768,SHORT,16_ranging_short_6Hutc,ranging,downtrend
0,8,20,5,4,7,AAVEUSDT,2025-08-14 12:00:00,324.38,2025-08-14 12:00:00,311.4048,0.2466243294901042,3.0432000000000072,TP,0.08,0.0768,SHORT,16_ranging_short_6Hutc,ranging,downtrend
0,8,20,5,4,7,APTUSDT,2025-08-14 12:00:00,4.938,2025-08-14 12:00:00,4.74048,16.200891049007698,3.0431999999999992,TP,0.08,0.0768,SHORT,16_ranging_short_6Hutc,ranging,downtrend
0,8,20,5,4,7,AVAXUSDT,2025-08-14 12:00:00,25.04,2025-08-14 12:00:00,24.0384,3.194888178913738,3.0432,TP,0.08,0.0768,SHORT,16_ranging_short_6Hutc,ranging,downtrend
0,8,20,5,4,7,BCHUSDT,2025-08-14 12:00:00,608.85,2025-08-14 12:00:00,584.496,0.1313952533464728,3.043200000000005,TP,0.08,0.0767999999999999,SHORT,16_ranging_short_6Hutc,ranging,downtrend
0,8,20,5,4,7,DOGEUSDT,2025-08-14 12:00:00,0.23823,2025-08-14 12:00:00,0.2287007999999999,335.80993157872643,3.043200000000005,TP,0.08,0.0768,SHORT,16_ranging_short_6Hutc,ranging,downtrend
0,8,20,5,4,7,DOTUSDT,2025-08-14 12:00:00,4.197,2025-08-14 12:00:00,4.02912,19.061234214915416,3.043200000000005,TP,0.08,0.0768,SHORT,16_ranging_short_6Hutc,ranging,downtrend
0,8,20,5,4,7,FETUSDT,2025-08-14 12:00:00,0.7336,2025-08-14 12:00:00,0.704256,109.05125408942205,3.043200000000004,TP,0.08,0.0768,SHORT,16_ranging_short_6Hutc,ranging,downtrend
0,8,20,5,4,7,HBARUSDT,2025-08-14 12:00:00,0.26257,2025-08-14 12:00:00,0.2520672,304.6806565868149,3.04320000000001,TP,0.08,0.0767999999999999,SHORT,16_ranging_short_6Hutc,ranging,downtrend
0,8,20,5,4,7,HYPEUSDT,2025-08-14 12:00:00,47.154,2025-08-14 12:00:00,45.26784,1.6965686898248291,3.0432000000000063,TP,0.08,0.0768,SHORT,16_ranging_short_6Hutc,ranging,downtrend
0,8,20,5,4,7,LINKUSDT,2025-08-14 12:00:00,23.367,2025-08-14 12:00:00,22.43232,3.423631617237985,3.043200000000001,TP,0.08,0.0768,SHORT,16_ranging_short_6Hutc,ranging,downtrend
0,8,20,5,4,7,LTCUSDT,2025-08-14 12:00:00,127.77,2025-08-14 12:00:00,122.6592,0.6261250684824294,3.043199999999999,TP,0.08,0.0768,SHORT,16_ranging_short_6Hutc,ranging,downtrend
0,8,20,5,4,7,NEARUSDT,2025-08-14 12:00:00,2.925,2025-08-14 12:00:00,2.808,27.350427350427356,3.0432,TP,0.08,0.0768,SHORT,16_ranging_short_6Hutc,ranging,downtrend
0,8,20,5,4,7,ONDOUSDT,2025-08-14 12:00:00,1.0587,2025-08-14 12:00:00,1.016352,75.56437139888543,3.043200000000004,TP,0.08,0.0768,SHORT,16_ranging_short_6Hutc,ranging,downtrend
0,8,20,5,4,7,PENGUUSDT,2025-08-14 12:00:00,0.035889,2025-08-14 12:00:00,0.0344534399999999,2229.0952659589293,3.043200000000006,TP,0.08,0.0768,SHORT,16_ranging_short_6Hutc,ranging,downtrend
0,8,20,5,4,7,SNXUSDT,2025-08-14 12:00:00,0.7013,2025-08-14 12:00:00,0.673248,114.07386282617996,3.043200000000009,TP,0.08,0.0768,SHORT,16_ranging_short_6Hutc,ranging,downtrend
0,8,20,5,4,7,SOLUSDT,2025-08-14 12:00:00,203.739,2025-08-14 12:00:00,195.58944,0.3926592355906331,3.043200000000003,TP,0.08,0.0768,SHORT,16_ranging_short_6Hutc,ranging,downtrend
0,8,20,5,4,7,SUIUSDT,2025-08-14 12:00:00,3.9482,2025-08-14 12:00:00,3.790272,20.262398054809783,3.043200000000001,TP,0.08,0.0768,SHORT,16_ranging_short_6Hutc,ranging,downtrend
0,8,20,5,4,7,TAOUSDT,2025-08-14 12:00:00,380.72,2025-08-14 12:00:00,365.4912,0.2101281781886951,3.0432000000000072,TP,0.08,0.0768,SHORT,16_ranging_short_6Hutc,ranging,downtrend
0,8,20,5,4,7,WIFUSDT,2025-08-14 12:00:00,1.0076,2025-08-14 12:00:00,0.967296,79.39658594680428,3.0432,TP,0.08,0.0768,SHORT,16_ranging_short_6Hutc,ranging,downtrend
0,8,20,5,4,7,WLDUSDT,2025-08-14 12:00:00,1.0795,2025-08-14 12:00:00,1.03632,74.10838351088468,3.0432,TP,0.08,0.0768,SHORT,16_ranging_short_6Hutc,ranging,downtrend
0,8,20,5,4,7,XRPUSDT,2025-08-14 12:00:00,3.2185,2025-08-14 12:00:00,3.08976,24.856299518409195,3.043200000000001,TP,0.08,0.0768,SHORT,16_ranging_short_6Hutc,ranging,downtrend
0,8,20,5,4,7,BTCUSDT,2025-08-14 12:00:00,120958.8,2025-08-18 00:00:00,116120.448,0.0006613822227072,3.0431999999999992,TP,0.08,0.0768,SHORT,16_ranging_short_6Hutc,ranging,downtrend
0,8,20,5,4,7,1000BONKUSDT,2025-08-18 00:00:00,0.023823,2025-08-18 00:00:00,0.02287008,3358.0993157872645,3.0431999999999984,TP,0.08,0.0768,SHORT,16_ranging_short_6Hutc,trending,downtrend
0,8,20,5,4,7,APTUSDT,2025-08-18 00:00:00,4.7849,2025-08-18 00:00:00,4.593504,16.719262680515786,3.043200000000001,TP,0.08,0.0768,SHORT,16_ranging_short_6Hutc,trending,downtrend
0,8,20,5,4,7,ARBUSDT,2025-08-18 00:00:00,0.5361,2025-08-18 00:00:00,0.514656,149.22589069203505,3.0432000000000023,TP,0.08,0.0768,SHORT,16_ranging_short_6Hutc,trending,downtrend
0,8,20,5,4,7,DOGEUSDT,2025-08-18 00:00:00,0.23463,2025-08-18 00:00:00,0.2252448,340.96236627882195,3.0432000000000032,TP,0.08,0.0768,SHORT,16_ranging_short_6Hutc,trending,downtrend
0,8,20,5,4,7,DOTUSDT,2025-08-18 00:00:00,4.05,2025-08-18 00:00:00,3.888,19.75308641975309,3.043199999999999,TP,0.08,0.0768,SHORT,16_ranging_short_6Hutc,trending,downtrend
0,8,20,5,4,7,FARTCOINUSDT,2025-08-18 00:00:00,0.9644,2025-08-18 00:00:00,0.925824,82.9531314807134,3.043200000000005,TP,0.08,0.0768,SHORT,16_ranging_short_6Hutc,trending,downtrend
0,8,20,5,4,7,FETUSDT,2025-08-18 00:00:00,0.7019,2025-08-18 00:00:00,0.673824,113.97634990739422,3.043199999999999,TP,0.08,0.0768,SHORT,16_ranging_short_6Hutc,trending,downtrend
0,8,20,5,4,7,HBARUSDT,2025-08-18 00:00:00,0.25215,2025-08-18 00:00:00,0.2420639999999999,317.2714653975808,3.043200000000004,TP,0.08,0.0768,SHORT,16_ranging_short_6Hutc,trending,downtrend
0,8,20,5,4,7,NEARUSDT,2025-08-18 00:00:00,2.702,2025-08-18 00:00:00,2.59392,29.607698001480387,3.043200000000005,TP,0.08,0.0768,SHORT,16_ranging_short_6Hutc,trending,downtrend
0,8,20,5,4,7,ONDOUSDT,2025-08-18 00:00:00,1.0082,2025-08-18 00:00:00,0.967872,79.34933544931562,3.043200000000003,TP,0.08,0.0768,SHORT,16_ranging_short_6Hutc,trending,downtrend
0,8,20,5,4,7,PENGUUSDT,2025-08-18 00:00:00,0.03283,2025-08-18 00:00:00,0.0315168,2436.7956137678952,3.043200000000001,TP,0.08,0.0768,SHORT,16_ranging_short_6Hutc,trending,downtrend
0,8,20,5,4,7,SEIUSDT,2025-08-18 00:00:00,0.3427,2025-08-18 00:00:00,0.328992,233.44032681645757,3.0432,TP,0.08,0.0768,SHORT,16_ranging_short_6Hutc,trending,downtrend
0,8,20,5,4,7,SNXUSDT,2025-08-18 00:00:00,0.7008,2025-08-18 00:00:00,0.6727679999999999,114.15525114155253,3.0432000000000063,TP,0.08,0.0768,SHORT,16_ranging_short_6Hutc,trending,downtrend
0,8,20,5,4,7,SUIUSDT,2025-08-18 00:00:00,3.7657,2025-08-18 00:00:00,3.615072,21.244390153225165,3.043200000000005,TP,0.08,0.0768,SHORT,16_ranging_short_6Hutc,trending,downtrend
0,8,20,5,4,7,TAOUSDT,2025-08-18 00:00:00,373.23,2025-08-18 00:00:00,358.3008,0.2143450419312488,3.043200000000008,TP,0.08,0.0768,SHORT,16_ranging_short_6Hutc,trending,downtrend
0,8,20,5,4,7,WIFUSDT,2025-08-18 00:00:00,0.9121,2025-08-18 00:00:00,0.875616,87.70968095603553,3.0432000000000063,TP,0.08,0.0768,SHORT,16_ranging_short_6Hutc,trending,downtrend
0,8,20,5,4,7,WLDUSDT,2025-08-18 00:00:00,1.0002,2025-08-18 00:00:00,0.960192,79.98400319936013,3.043200000000004,TP,0.08,0.0768,SHORT,16_ranging_short_6Hutc,trending,downtrend
0,8,20,5,4,7,ARBUSDT,2025-08-18 06:00:00,0.5298,2025-08-18 06:00:00,0.5086080000000001,151.00037750094373,3.043199999999998,TP,0.08,0.0768,SHORT,16_ranging_short_6Hutc,ranging,downtrend
0,8,20,5,4,7,SEIUSDT,2025-08-18 06:00:00,0.3351,2025-08-18 06:00:00,0.321696,238.7347060578932,3.0432000000000063,TP,0.08,0.0768,SHORT,16_ranging_short_6Hutc,ranging,downtrend
0,8,20,5,4,7,WIFUSDT,2025-08-18 06:00:00,0.881,2025-08-19 00:00:00,0.84576,90.80590238365494,3.043200000000005,TP,0.08,0.0768,SHORT,16_ranging_short_6Hutc,ranging,downtrend
0,8,20,5,4,7,ADAUSDT,2025-08-18 06:00:00,0.9199,2025-08-19 12:00:00,0.883104,86.96597456245243,3.043200000000004,TP,0.08,0.0768,SHORT,16_ranging_short_6Hutc,ranging,downtrend
0,8,20,5,4,7,ENAUSDT,2025-08-21 00:00:00,0.6573,2025-08-21 06:00:00,0.631008,121.7100258633805,3.043199999999998,TP,0.08,0.0768,SHORT,16_ranging_short_6Hutc,ranging,downtrend
0,8,20,5,4,7,ARBUSDT,2025-08-21 00:00:00,0.5134,2025-08-21 12:00:00,0.4928639999999999,155.82391897156214,3.0432,TP,0.08,0.0768,SHORT,16_ranging_short_6Hutc,ranging,downtrend
0,8,20,5,4,7,SUIUSDT,2025-08-21 00:00:00,3.5573,2025-08-21 12:00:00,3.415008,22.4889663508841,3.043200000000007,TP,0.08,0.0768,SHORT,16_ranging_short_6Hutc,ranging,downtrend
0,8,20,5,4,7,ONDOUSDT,2025-08-21 00:00:00,0.9459,2025-08-22 06:00:00,0.908064,84.57553652605984,3.0431999999999984,TP,0.08,0.0768,SHORT,16_ranging_short_6Hutc,ranging,downtrend
0,8,20,5,4,7,APTUSDT,2025-08-21 00:00:00,4.4921,2025-08-22 12:00:00,4.312416,17.809042541350372,3.0431999999999992,TP,0.08,0.0768,SHORT,16_ranging_short_6Hutc,ranging,downtrend
0,8,20,5,4,7,LTCUSDT,2025-08-21 00:00:00,116.03,2025-08-24 18:00:00,124.1521,0.6894768594329053,-5.765600000000003,SL,0.08,0.0856,SHORT,16_ranging_short_6Hutc,ranging,downtrend
0,8,20,5,4,7,ADAUSDT,2025-08-25 00:00:00,0.9088,2025-08-25 06:00:00,0.872448,88.0281690140845,3.043200000000004,TP,0.08,0.0768,SHORT,16_ranging_short_6Hutc,ranging,downtrend
0,8,20,5,4,7,ARBUSDT,2025-08-25 00:00:00,0.579,2025-08-25 06:00:00,0.5558399999999999,138.1692573402418,3.04320000000001,TP,0.08,0.0768,SHORT,16_ranging_short_6Hutc,ranging,downtrend
0,8,20,5,4,7,AVAXUSDT,2025-08-25 00:00:00,25.822,2025-08-25 06:00:00,24.78912,3.0981333746417783,3.043200000000007,TP,0.08,0.0767999999999999,SHORT,16_ranging_short_6Hutc,ranging,downtrend
0,8,20,5,4,7,DOTUSDT,2025-08-25 00:00:00,4.107,2025-08-25 06:00:00,3.94272,19.47893839785732,3.043200000000004,TP,0.08,0.0768,SHORT,16_ranging_short_6Hutc,ranging,downtrend
0,8,20,5,4,7,ETHUSDT,2025-08-25 00:00:00,4777.63,2025-08-25 06:00:00,4586.5248,0.0167447039640993,3.0432,TP,0.08,0.0768,SHORT,16_ranging_short_6Hutc,ranging,downtrend
0,8,20,5,4,7,FARTCOINUSDT,2025-08-25 00:00:00,0.9434,2025-08-25 06:00:00,0.905664,84.7996608013568,3.0431999999999992,TP,0.08,0.0768,SHORT,16_ranging_short_6Hutc,ranging,downtrend
0,8,20,5,4,7,HBARUSDT,2025-08-25 00:00:00,0.24816,2025-08-25 06:00:00,0.2382336,322.3726627981947,3.043200000000001,TP,0.08,0.0768,SHORT,16_ranging_short_6Hutc,ranging,downtrend
0,8,20,5,4,7,HUSDT,2025-08-25 00:00:00,0.02998,2025-08-25 06:00:00,0.0287808,2668.4456304202804,3.043200000000003,TP,0.08,0.0768,SHORT,16_ranging_short_6Hutc,ranging,downtrend
0,8,20,5,4,7,LINKUSDT,2025-08-25 00:00:00,25.845,2025-08-25 06:00:00,24.8112,3.0953762816792416,3.043199999999998,TP,0.08,0.0768,SHORT,16_ranging_short_6Hutc,ranging,downtrend
0,8,20,5,4,7,SOLUSDT,2025-08-25 00:00:00,206.08,2025-08-25 06:00:00,197.8368,0.3881987577639751,3.0432,TP,0.08,0.0768,SHORT,16_ranging_short_6Hutc,ranging,downtrend
0,8,20,5,4,7,SUIUSDT,2025-08-25 00:00:00,3.6812,2025-08-25 06:00:00,3.533952,21.73204389872868,3.043200000000006,TP,0.08,0.0768,SHORT,16_ranging_short_6Hutc,ranging,downtrend
0,8,20,5,4,7,TAOUSDT,2025-08-25 00:00:00,361.28,2025-08-25 06:00:00,346.82879999999994,0.2214348981399468,3.043200000000007,TP,0.08,0.0768,SHORT,16_ranging_short_6Hutc,ranging,downtrend
0,8,20,5,4,7,AVAXUSDT,2025-08-25 06:00:00,25.079,2025-08-25 06:00:00,24.07584,3.1899198532636865,3.0432000000000032,TP,0.08,0.0768,SHORT,16_ranging_short_6Hutc,ranging,downtrend
0,8,20,5,4,7,HYPEUSDT,2025-08-25 06:00:00,45.775,2025-08-25 06:00:00,43.944,1.7476788640087384,3.043200000000005,TP,0.08,0.0768,SHORT,16_ranging_short_6Hutc,ranging,downtrend
0,8,20,5,4,7,SOLUSDT,2025-08-25 06:00:00,203.791,2025-08-25 06:00:00,195.63936,0.3925590433336114,3.043200000000006,TP,0.08,0.0768,SHORT,16_ranging_short_6Hutc,ranging,downtrend
0,8,20,5,4,7,HYPEUSDT,2025-08-25 12:00:00,45.616,2025-08-25 18:00:00,43.79136,1.75377060680463,3.043200000000004,TP,0.08,0.0768,SHORT,16_ranging_short_6Hutc,ranging,downtrend
0,8,20,5,4,7,HYPEUSDT,2025-08-25 18:00:00,45.477,2025-08-25 18:00:00,43.65792,1.7591309892912903,3.0432,TP,0.08,0.0768,SHORT,16_ranging_short_6Hutc,ranging,downtrend
0,8,20,5,4,7,AAVEUSDT,2025-08-27 06:00:00,332.07,2025-08-28 06:00:00,318.7872,0.2409130604992923,3.043200000000002,TP,0.08,0.0768,SHORT,16_ranging_short_6Hutc,ranging,downtrend
0,8,20,5,4,7,HBARUSDT,2025-08-27 06:00:00,0.24109,2025-08-29 06:00:00,0.2314464,331.8262889377411,3.043200000000001,TP,0.08,0.0768,SHORT,16_ranging_short_6Hutc,ranging,downtrend
0,8,20,5,4,7,ONDOUSDT,2025-08-27 06:00:00,0.9364,2025-08-29 06:00:00,0.898944,85.43357539513029,3.043200000000004,TP,0.08,0.0768,SHORT,16_ranging_short_6Hutc,ranging,downtrend
0,8,20,5,4,7,SEIUSDT,2025-08-27 06:00:00,0.29904,2025-08-29 06:00:00,0.2870783999999999,267.52273943285184,3.043200000000005,TP,0.08,0.0768,SHORT,16_ranging_short_6Hutc,ranging,downtrend
0,8,20,5,4,7,ARBUSDT,2025-08-29 06:00:00,0.5142,2025-08-29 06:00:00,0.4936319999999999,155.58148580318942,3.043200000000005,TP,0.08,0.0768,SHORT,16_ranging_short_6Hutc,ranging,downtrend
0,8,20,5,4,7,HUSDT,2025-08-29 06:00:00,0.03007,2025-08-29 06:00:00,0.0288672,2660.458929165281,3.043200000000001,TP,0.08,0.0768,SHORT,16_ranging_short_6Hutc,ranging,downtrend
0,8,20,5,4,7,LINKUSDT,2025-08-29 06:00:00,24.152,2025-08-29 12:00:00,23.18592,3.3123550844650547,3.043200000000005,TP,0.08,0.0768,SHORT,16_ranging_short_6Hutc,ranging,downtrend
0,8,20,5,4,7,SOLUSDT,2025-08-29 12:00:00,207.541,2025-08-30 12:00:00,199.23936,0.3854660043075826,3.043200000000008,TP,0.08,0.0768,SHORT,16_ranging_short_6Hutc,ranging,downtrend
0,8,20,5,4,7,ENAUSDT,2025-08-29 12:00:00,0.6468,2025-09-01 18:00:00,0.620928,123.68583797155225,3.043200000000001,TP,0.08,0.0768,SHORT,16_ranging_short_6Hutc,ranging,downtrend
0,8,20,5,4,7,AVAXUSDT,2025-09-01 18:00:00,23.433,2025-09-03 06:00:00,25.073310000000003,3.413988819186617,-5.765600000000011,SL,0.08,0.0856,SHORT,16_ranging_short_6Hutc,ranging,downtrend
0,8,20,5,4,7,APTUSDT,2025-09-21 00:00:00,4.618,2025-09-22 00:00:00,4.43328,17.323516673884797,3.0432000000000072,TP,0.08,0.0767999999999999,SHORT,16_ranging_short_6Hutc,ranging,downtrend
0,8,20,5,4,7,NEARUSDT,2025-09-21 00:00:00,3.154,2025-09-22 00:00:00,3.02784,25.364616360177557,3.043200000000001,TP,0.08,0.0768,SHORT,16_ranging_short_6Hutc,ranging,downtrend
0,8,20,5,4,7,BGBUSDT,2025-09-22 00:00:00,5.232,2025-09-22 06:00:00,5.02272,15.29051987767584,3.043200000000009,TP,0.08,0.0768,SHORT,16_ranging_short_6Hutc,trending,downtrend
0,8,20,5,4,7,BNBUSDT,2025-09-22 00:00:00,1047.36,2025-09-22 06:00:00,1005.4656,0.0763825236785823,3.043200000000002,TP,0.08,0.0768,SHORT,16_ranging_short_6Hutc,trending,downtrend
0,8,20,5,4,7,HUSDT,2025-09-22 00:00:00,0.05871,2025-09-22 06:00:00,0.0563616,1362.6298756600238,3.043200000000001,TP,0.08,0.0768,SHORT,16_ranging_short_6Hutc,trending,downtrend
0,8,20,5,4,7,HUSDT,2025-09-22 06:00:00,0.05792,2025-09-22 06:00:00,0.0556032,1381.2154696132598,3.043200000000001,TP,0.08,0.0768,SHORT,16_ranging_short_6Hutc,trending,downtrend
0,8,20,5,4,7,BNBUSDT,2025-09-22 06:00:00,1018.6,2025-09-22 18:00:00,977.856,0.0785391714117416,3.043200000000002,TP,0.08,0.0768,SHORT,16_ranging_short_6Hutc,trending,downtrend
0,8,20,5,4,7,HUSDT,2025-09-23 00:00:00,0.05651,2025-09-23 06:00:00,0.0542495999999999,1415.6786409485048,3.043200000000004,TP,0.08,0.0768,SHORT,16_ranging_short_6Hutc,trending,downtrend
0,8,20,5,4,7,NEARUSDT,2025-09-23 18:00:00,3.006,2025-09-24 00:00:00,2.88576,26.613439787092485,3.043199999999998,TP,0.08,0.0768,SHORT,16_ranging_short_6Hutc,trending,downtrend
0,8,20,5,4,7,NEARUSDT,2025-09-24 00:00:00,2.915,2025-09-25 12:00:00,2.7984,27.4442538593482,3.043200000000001,TP,0.08,0.0768,SHORT,16_ranging_short_6Hutc,trending,downtrend
0,8,20,5,4,7,SEIUSDT,2025-09-27 00:00:00,0.28308,2025-09-28 06:00:00,0.2717567999999999,282.60562385191463,3.043200000000009,TP,0.08,0.0767999999999999,SHORT,16_ranging_short_6Hutc,ranging,downtrend
0,8,20,5,4,7,HYPEUSDT,2025-09-27 00:00:00,44.809,2025-09-28 12:00:00,43.01664,1.785355620522663,3.043200000000004,TP,0.08,0.0768,SHORT,16_ranging_short_6Hutc,ranging,downtrend
0,8,20,5,4,7,ETHUSDT,2025-09-27 00:00:00,4029.7,2025-10-01 06:00:00,4311.779,0.0198525944859418,-5.765600000000013,SL,0.08,0.0856,SHORT,16_ranging_short_6Hutc,ranging,downtrend
0,8,20,5,4,7,SUIUSDT,2025-09-27 00:00:00,3.2221,2025-10-01 12:00:00,3.4476470000000004,24.828527978647465,-5.7656000000000045,SL,0.08,0.0856,SHORT,16_ranging_short_6Hutc,ranging,downtrend
0,8,20,5,4,7,LINKUSDT,2025-09-27 00:00:00,21.066,2025-10-01 18:00:00,22.54062,3.797588531282636,-5.765600000000007,SL,0.08,0.0856,SHORT,16_ranging_short_6Hutc,ranging,downtrend
0,8,20,5,4,7,DOTUSDT,2025-09-27 00:00:00,3.921,2025-10-02 00:00:00,4.19547,20.4029584289722,-5.76560000000001,SL,0.08,0.0856,SHORT,16_ranging_short_6Hutc,ranging,downtrend
0,8,20,5,4,7,TAOUSDT,2025-09-27 00:00:00,301.06,2025-10-02 00:00:00,322.1342,0.2657277619079253,-5.765600000000006,SL,0.08,0.0856,SHORT,16_ranging_short_6Hutc,ranging,downtrend
0,8,20,5,4,7,AAVEUSDT,2025-09-27 00:00:00,270.6,2025-10-02 18:00:00,289.54200000000003,0.2956393200295639,-5.765600000000002,SL,0.08,0.0856,SHORT,16_ranging_short_6Hutc,ranging,downtrend
0,8,20,5,4,7,HBARUSDT,2025-09-27 00:00:00,0.21448,2025-10-02 18:00:00,0.2294936,372.9951510630362,-5.765600000000006,SL,0.08,0.0856,SHORT,16_ranging_short_6Hutc,ranging,downtrend
0,8,20,5,4,7,ONDOUSDT,2025-09-27 00:00:00,0.8961,2025-10-02 18:00:00,0.958827,89.27575047427743,-5.765600000000009,SL,0.08,0.0856,SHORT,16_ranging_short_6Hutc,ranging,downtrend
0,8,20,5,4,7,HUSDT,2025-10-09 18:00:00,0.07079,2025-10-09 18:00:00,0.0679584,1130.1031219098743,3.043200000000004,TP,0.08,0.0768,SHORT,16_ranging_short_6Hutc,ranging,downtrend
0,8,20,5,4,7,HUSDT,2025-10-10 00:00:00,0.06732,2025-10-10 18:00:00,0.0646272,1188.3541295306,3.0432000000000103,TP,0.08,0.0767999999999999,SHORT,16_ranging_short_6Hutc,ranging,downtrend
0,8,20,5,4,7,HUSDT,2025-10-10 18:00:00,0.06625,2025-10-10 18:00:00,0.0636,1207.5471698113206,3.0431999999999992,TP,0.08,0.0768,SHORT,16_ranging_short_6Hutc,trending,downtrend
0,8,20,5,4,7,LTCUSDT,2025-10-10 18:00:00,127.42,2025-10-10 18:00:00,122.3232,0.6278449223041909,3.043200000000001,TP,0.08,0.0768,SHORT,16_ranging_short_6Hutc,trending,downtrend
0,8,20,5,4,7,NEARUSDT,2025-10-10 18:00:00,2.999,2025-10-10 18:00:00,2.87904,26.675558519506502,3.043200000000008,TP,0.08,0.0768,SHORT,16_ranging_short_6Hutc,trending,downtrend
0,8,20,5,4,7,TAOUSDT,2025-10-10 18:00:00,370.94,2025-10-10 18:00:00,356.1024,0.2156683021512913,3.043200000000002,TP,0.08,0.0768,SHORT,16_ranging_short_6Hutc,trending,downtrend
0,8,20,5,4,7,XRPUSDT,2025-10-18 18:00:00,2.367,2025-10-20 18:00:00,2.53269,33.798056611744826,-5.7656000000000045,SL,0.08,0.0856,SHORT,16_ranging_short_6Hutc,trending,downtrend
0,8,20,5,4,7,HBARUSDT,2025-10-30 12:00:00,0.20281,2025-10-30 12:00:00,0.1946975999999999,394.4578669690844,3.043200000000008,TP,0.08,0.0767999999999999,SHORT,16_ranging_short_6Hutc,trending,downtrend
0,8,20,5,4,7,HYPEUSDT,2025-10-30 12:00:00,47.495,2025-10-30 12:00:00,45.5952,1.6843878302979265,3.043199999999999,TP,0.08,0.0768,SHORT,16_ranging_short_6Hutc,trending,downtrend
0,8,20,5,4,7,TAOUSDT,2025-10-30 12:00:00,425.45,2025-10-30 12:00:00,408.432,0.1880361969679163,3.043200000000005,TP,0.08,0.0768,SHORT,16_ranging_short_6Hutc,trending,downtrend
0,8,20,5,4,7,TAOUSDT,2025-10-31 12:00:00,436.03,2025-10-31 12:00:00,466.5521,0.1834736142008577,-5.765600000000005,SL,0.08,0.0856,SHORT,16_ranging_short_6Hutc,ranging,downtrend
0,8,20,5,4,7,BCHUSDT,2025-10-31 18:00:00,547.36,2025-11-02 06:00:00,525.4656,0.1461560947091493,3.0432000000000023,TP,0.08,0.0768,SHORT,16_ranging_short_6Hutc,ranging,downtrend
0,8,20,5,4,7,ENAUSDT,2025-11-06 00:00:00,0.3318,2025-11-06 06:00:00,0.318528,241.1091018685956,3.043200000000001,TP,0.08,0.0768,SHORT,16_ranging_short_6Hutc,trending,downtrend
0,8,20,5,4,7,ADAUSDT,2025-11-06 00:00:00,0.545,2025-11-06 12:00:00,0.5232,146.78899082568807,3.043200000000006,TP,0.08,0.0768,SHORT,16_ranging_short_6Hutc,trending,downtrend
0,8,20,5,4,7,AVAXUSDT,2025-11-06 00:00:00,16.601,2025-11-06 12:00:00,15.93696,4.818986808023613,3.0432,TP,0.08,0.0768,SHORT,16_ranging_short_6Hutc,trending,downtrend
0,8,20,5,4,7,DOGEUSDT,2025-11-06 00:00:00,0.16713,2025-11-06 12:00:00,0.1604448,478.6692993478131,3.043200000000001,TP,0.08,0.0768,SHORT,16_ranging_short_6Hutc,trending,downtrend
0,8,20,5,4,7,HBARUSDT,2025-11-06 00:00:00,0.17502,2025-11-06 12:00:00,0.1680192,457.0906182150611,3.043200000000001,TP,0.08,0.0768,SHORT,16_ranging_short_6Hutc,trending,downtrend
0,8,20,5,4,7,LINKUSDT,2025-11-06 00:00:00,15.084,2025-11-06 12:00:00,14.48064,5.303632988597189,3.043200000000002,TP,0.08,0.0768,SHORT,16_ranging_short_6Hutc,trending,downtrend
0,8,20,5,4,7,ONDOUSDT,2025-11-06 00:00:00,0.6162,2025-11-06 12:00:00,0.591552,129.82797792924376,3.043200000000001,TP,0.08,0.0768,SHORT,16_ranging_short_6Hutc,trending,downtrend
0,8,20,5,4,7,PENGUUSDT,2025-11-06 00:00:00,0.015308,2025-11-06 12:00:00,0.01469568,5226.0256075254765,3.0432000000000063,TP,0.08,0.0768,SHORT,16_ranging_short_6Hutc,trending,downtrend
0,8,20,5,4,7,SEIUSDT,2025-11-06 00:00:00,0.16539,2025-11-06 12:00:00,0.1587744,483.70518169175887,3.0432,TP,0.08,0.0768,SHORT,16_ranging_short_6Hutc,trending,downtrend
0,8,20,5,4,7,1000BONKUSDT,2025-11-06 12:00:00,0.012019,2025-11-06 12:00:00,0.01153824,6656.127797653715,3.043200000000001,TP,0.08,0.0768,SHORT,16_ranging_short_6Hutc,trending,downtrend
0,8,20,5,4,7,NEARUSDT,2025-11-06 12:00:00,1.9,2025-11-06 12:00:00,2.033,42.10526315789474,-5.765600000000001,SL,0.08,0.0856,SHORT,16_ranging_short_6Hutc,trending,downtrend
0,8,20,5,4,7,PENGUUSDT,2025-11-06 12:00:00,0.014976,2025-11-06 12:00:00,0.01437696,5341.880341880342,3.043200000000002,TP,0.08,0.0768,SHORT,16_ranging_short_6Hutc,trending,downtrend
0,8,20,5,4,7,FETUSDT,2025-11-06 12:00:00,0.215,2025-11-06 18:00:00,0.23005,372.09302325581393,-5.765600000000003,SL,0.08,0.0856,SHORT,16_ranging_short_6Hutc,trending,downtrend
0,8,20,5,4,7,XRPUSDT,2025-11-06 12:00:00,2.2995,2025-11-06 18:00:00,2.20752,34.790171776473144,3.043199999999998,TP,0.08,0.0768,SHORT,16_ranging_short_6Hutc,trending,downtrend
0,8,20,5,4,7,DOTUSDT,2025-11-06 18:00:00,2.604,2025-11-07 00:00:00,2.78628,30.721966205837173,-5.7656,SL,0.08,0.0856,SHORT,16_ranging_short_6Hutc,trending,downtrend
0,8,20,5,4,7,PENGUUSDT,2025-11-06 18:00:00,0.014654,2025-11-07 06:00:00,0.01406784,5459.260270233383,3.043200000000003,TP,0.08,0.0768,SHORT,16_ranging_short_6Hutc,trending,downtrend
0,8,20,5,4,7,WLDUSDT,2025-11-06 18:00:00,0.7087,2025-11-07 06:00:00,0.758309,112.88274305065612,-5.765600000000002,SL,0.08,0.0856,SHORT,16_ranging_short_6Hutc,trending,downtrend
0,8,20,5,4,7,1000BONKUSDT,2025-11-06 18:00:00,0.011917,2025-11-07 12:00:00,0.01275119,6713.098934295544,-5.765600000000002,SL,0.08,0.0856,SHORT,16_ranging_short_6Hutc,trending,downtrend
0,8,20,5,4,7,ARBUSDT,2025-11-06 18:00:00,0.2611,2025-11-07 12:00:00,0.279377,306.3960168517809,-5.765600000000013,SL,0.08,0.0856,SHORT,16_ranging_short_6Hutc,trending,downtrend
0,8,20,5,4,7,HYPEUSDT,2025-11-06 18:00:00,38.86,2025-11-07 12:00:00,41.580200000000005,2.058672156459084,-5.765600000000012,SL,0.08,0.0856,SHORT,16_ranging_short_6Hutc,trending,downtrend
0,8,20,5,4,7,LINKUSDT,2025-11-06 18:00:00,14.608,2025-11-07 12:00:00,15.63056,5.476451259583789,-5.765600000000002,SL,0.08,0.0856,SHORT,16_ranging_short_6Hutc,trending,downtrend
0,8,20,5,4,7,SEIUSDT,2025-11-06 18:00:00,0.16053,2025-11-07 12:00:00,0.1717671,498.3492182146639,-5.7656,SL,0.08,0.0856,SHORT,16_ranging_short_6Hutc,trending,downtrend
0,8,20,5,4,7,SOLUSDT,2025-11-06 18:00:00,157.182,2025-11-07 12:00:00,150.89471999999998,0.5089641307528853,3.043200000000005,TP,0.08,0.0768,SHORT,16_ranging_short_6Hutc,trending,downtrend
0,8,20,5,4,7,WIFUSDT,2025-11-06 18:00:00,0.4264,2025-11-07 12:00:00,0.456248,187.6172607879925,-5.765600000000008,SL,0.08,0.0856,SHORT,16_ranging_short_6Hutc,trending,downtrend
0,8,20,5,4,7,AAVEUSDT,2025-11-06 18:00:00,197.58,2025-11-07 18:00:00,211.4106,0.4048992813037756,-5.765600000000002,SL,0.08,0.0856,SHORT,16_ranging_short_6Hutc,trending,downtrend
0,8,20,5,4,7,XRPUSDT,2025-11-06 18:00:00,2.2389,2025-11-10 00:00:00,2.395623,35.731832596364285,-5.765599999999998,SL,0.08,0.0856,SHORT,16_ranging_short_6Hutc,trending,downtrend
0,8,20,5,4,7,BTCUSDT,2025-11-06 18:00:00,101760.2,2025-11-14 00:00:00,97689.792,0.0007861619768829,3.043200000000008,TP,0.08,0.0768,SHORT,16_ranging_short_6Hutc,trending,downtrend
0,8,20,5,4,7,APTUSDT,2025-11-15 00:00:00,2.9185,2025-11-16 12:00:00,2.80176,27.411341442521845,3.043200000000002,TP,0.08,0.0768,SHORT,16_ranging_short_6Hutc,trending,downtrend
0,8,20,5,4,7,ARBUSDT,2025-11-16 12:00:00,0.2394,2025-11-16 12:00:00,0.229824,334.1687552213868,3.0432,TP,0.08,0.0768,SHORT,16_ranging_short_6Hutc,trending,downtrend
0,8,20,5,4,7,AVAXUSDT,2025-11-16 12:00:00,15.442,2025-11-16 12:00:00,14.82432,5.180676078228209,3.0432,TP,0.08,0.0768,SHORT,16_ranging_short_6Hutc,trending,downtrend
0,8,20,5,4,7,BCHUSDT,2025-11-16 12:00:00,493.34,2025-11-16 12:00:00,473.6064,0.1621599708112052,3.043200000000004,TP,0.08,0.0768,SHORT,16_ranging_short_6Hutc,trending,downtrend
0,8,20,5,4,7,DOGEUSDT,2025-11-16 12:00:00,0.16135,2025-11-16 12:00:00,0.1548959999999999,495.8165478772854,3.043200000000008,TP,0.08,0.0768,SHORT,16_ranging_short_6Hutc,trending,downtrend
0,8,20,5,4,7,DOTUSDT,2025-11-16 12:00:00,2.823,2025-11-16 12:00:00,2.71008,28.33864682961389,3.043199999999997,TP,0.08,0.0768,SHORT,16_ranging_short_6Hutc,trending,downtrend
0,8,20,5,4,7,ETHUSDT,2025-11-16 12:00:00,3168.32,2025-11-16 12:00:00,3041.5872,0.0252499747500252,3.043200000000005,TP,0.08,0.0768,SHORT,16_ranging_short_6Hutc,trending,downtrend
0,8,20,5,4,7,FETUSDT,2025-11-16 12:00:00,0.2774,2025-11-16 12:00:00,0.266304,288.392213410238,3.043199999999999,TP,0.08,0.0768,SHORT,16_ranging_short_6Hutc,trending,downtrend
0,8,20,5,4,7,LINKUSDT,2025-11-16 12:00:00,14.056,2025-11-16 12:00:00,13.493759999999998,5.691519635742743,3.043200000000005,TP,0.08,0.0767999999999999,SHORT,16_ranging_short_6Hutc,trending,downtrend
0,8,20,5,4,7,SEIUSDT,2025-11-16 12:00:00,0.16163,2025-11-16 12:00:00,0.1551648,494.9576192538514,3.0432000000000023,TP,0.08,0.0768,SHORT,16_ranging_short_6Hutc,trending,downtrend
0,8,20,5,4,7,TAOUSDT,2025-11-16 12:00:00,334.56,2025-11-16 12:00:00,321.1776,0.2391200382592061,3.043200000000004,TP,0.08,0.0768,SHORT,16_ranging_short_6Hutc,trending,downtrend
0,8,20,5,4,7,WIFUSDT,2025-11-16 12:00:00,0.4183,2025-11-16 12:00:00,0.401568,191.25029882859192,3.043200000000005,TP,0.08,0.0768,SHORT,16_ranging_short_6Hutc,trending,downtrend
0,8,20,5,4,7,HYPEUSDT,2025-11-16 18:00:00,37.843,2025-11-18 00:00:00,40.49201000000001,2.113997304653436,-5.765600000000008,SL,0.08,0.0856,SHORT,16_ranging_short_6Hutc,trending,downtrend
0,8,20,5,4,7,BNBUSDT,2025-11-16 18:00:00,915.09,2025-11-19 12:00:00,878.4864,0.0874230949961206,3.0432000000000023,TP,0.08,0.0768,SHORT,16_ranging_short_6Hutc,trending,downtrend
0,8,20,5,4,7,AVAXUSDT,2025-12-05 06:00:00,14.343,2025-12-05 06:00:00,13.76928,5.577633688907481,3.043199999999999,TP,0.08,0.0768,SHORT,16_ranging_short_6Hutc,trending,downtrend
0,8,20,5,4,7,ENAUSDT,2025-12-05 06:00:00,0.2807,2025-12-05 12:00:00,0.269472,285.00178126113286,3.043200000000004,TP,0.08,0.0768,SHORT,16_ranging_short_6Hutc,trending,downtrend
0,8,20,5,4,7,LINKUSDT,2025-12-05 06:00:00,14.155,2025-12-05 12:00:00,13.5888,5.651713175556341,3.043200000000002,TP,0.08,0.0768,SHORT,16_ranging_short_6Hutc,trending,downtrend
0,8,20,5,4,7,ETHUSDT,2025-12-05 12:00:00,3129.92,2025-12-05 12:00:00,3004.7232,0.0255597587158777,3.043200000000004,TP,0.08,0.0768,SHORT,16_ranging_short_6Hutc,trending,downtrend
0,8,20,5,4,7,LINKUSDT,2025-12-07 00:00:00,13.909,2025-12-07 12:00:00,13.35264,5.751671579552808,3.0431999999999984,TP,0.08,0.0768,SHORT,16_ranging_short_6Hutc,trending,downtrend
0,8,20,5,4,7,AAVEUSDT,2025-12-07 00:00:00,187.45,2025-12-09 12:00:00,200.5715,0.4267804747932782,-5.7656,SL,0.08,0.0856,SHORT,16_ranging_short_6Hutc,trending,downtrend
0,8,20,5,4,7,WIFUSDT,2025-12-14 18:00:00,0.3816,2025-12-15 18:00:00,0.366336,209.64360587002096,3.0432,TP,0.08,0.0768,SHORT,16_ranging_short_6Hutc,ranging,downtrend
0,8,20,5,4,7,AAVEUSDT,2025-12-16 06:00:00,187.09,2025-12-17 12:00:00,179.6064,0.4276016890266716,3.0431999999999984,TP,0.08,0.0768,SHORT,16_ranging_short_6Hutc,trending,downtrend
0,8,20,5,4,7,FARTCOINUSDT,2025-12-17 12:00:00,0.3444,2025-12-17 12:00:00,0.330624,232.288037166086,3.0432000000000023,TP,0.08,0.0768,SHORT,16_ranging_short_6Hutc,ranging,downtrend
0,8,20,5,4,7,LTCUSDT,2025-12-17 12:00:00,78.73,2025-12-17 18:00:00,75.5808,1.0161310809094373,3.043200000000008,TP,0.08,0.0768,SHORT,16_ranging_short_6Hutc,ranging,downtrend
0,8,20,5,4,7,BCHUSDT,2025-12-18 00:00:00,545.96,2025-12-19 00:00:00,584.1772000000001,0.1465308813832515,-5.765600000000007,SL,0.08,0.0856,SHORT,16_ranging_short_6Hutc,ranging,downtrend
0,8,20,5,4,7,HYPEUSDT,2026-01-07 18:00:00,26.733,2026-01-08 18:00:00,25.66368,2.9925560169079413,3.0432000000000032,TP,0.08,0.0768,SHORT,16_ranging_short_6Hutc,ranging,downtrend
0,8,20,5,4,7,DOTUSDT,2026-01-07 18:00:00,2.151,2026-01-09 06:00:00,2.06496,37.19200371920037,3.043200000000004,TP,0.08,0.0767999999999999,SHORT,16_ranging_short_6Hutc,ranging,downtrend
0,8,20,5,4,7,AAVEUSDT,2026-01-07 18:00:00,167.54,2026-01-12 12:00:00,160.83839999999998,0.4774979109466396,3.0432000000000063,TP,0.08,0.0768,SHORT,16_ranging_short_6Hutc,ranging,downtrend
0,8,20,5,4,7,HBARUSDT,2026-01-21 12:00:00,0.10833,2026-01-25 18:00:00,0.1039967999999999,738.4842610541863,3.043200000000007,TP,0.08,0.0767999999999999,SHORT,16_ranging_short_6Hutc,trending,downtrend
0,8,20,5,4,7,HUSDT,2026-01-26 18:00:00,0.1594,2026-01-27 12:00:00,0.153024,501.8820577164367,3.043199999999997,TP,0.08,0.0768,SHORT,16_ranging_short_6Hutc,ranging,downtrend
0,8,20,5,4,7,SNXUSDT,2026-01-31 06:00:00,0.4003,2026-01-31 06:00:00,0.3842879999999999,199.85011241568824,3.043200000000005,TP,0.08,0.0768,SHORT,16_ranging_short_6Hutc,ranging,downtrend
0,8,20,5,4,7,HYPEUSDT,2026-02-01 06:00:00,30.816,2026-02-01 12:00:00,29.58336,2.596053997923157,3.0432,TP,0.08,0.0768,SHORT,16_ranging_short_6Hutc,trending,downtrend
0,8,20,5,4,7,BCHUSDT,2026-02-01 18:00:00,522.84,2026-02-02 00:00:00,501.9264,0.1530104812179634,3.043200000000005,TP,0.08,0.0768,SHORT,16_ranging_short_6Hutc,trending,downtrend
0,8,20,5,4,7,1000BONKUSDT,2026-02-03 18:00:00,0.006912,2026-02-03 18:00:00,0.00739584,11574.074074074077,-5.765600000000003,SL,0.08,0.0856,SHORT,16_ranging_short_6Hutc,trending,downtrend
0,8,20,5,4,7,FARTCOINUSDT,2026-02-03 18:00:00,0.212,2026-02-03 18:00:00,0.22684,377.35849056603774,-5.765600000000008,SL,0.08,0.0856,SHORT,16_ranging_short_6Hutc,trending,downtrend
0,8,20,5,4,7,ONDOUSDT,2026-02-03 18:00:00,0.2743,2026-02-03 18:00:00,0.293501,291.65147648559974,-5.765600000000008,SL,0.08,0.0856,SHORT,16_ranging_short_6Hutc,trending,downtrend
0,8,20,5,4,7,TAOUSDT,2026-02-03 18:00:00,188.78,2026-02-03 18:00:00,201.9946,0.4237737048416146,-5.765600000000008,SL,0.08,0.0856,SHORT,16_ranging_short_6Hutc,trending,downtrend
0,8,20,5,4,7,WIFUSDT,2026-02-03 18:00:00,0.2456,2026-02-03 18:00:00,0.262792,325.7328990228013,-5.7656000000000045,SL,0.08,0.0856,SHORT,16_ranging_short_6Hutc,trending,downtrend
0,8,20,5,4,7,WLDUSDT,2026-02-03 18:00:00,0.3998,2026-02-03 18:00:00,0.427786,200.1000500250125,-5.765600000000003,SL,0.08,0.0856,SHORT,16_ranging_short_6Hutc,trending,downtrend
0,8,20,5,4,7,BNBUSDT,2026-02-03 18:00:00,750.48,2026-02-04 12:00:00,720.4608,0.1065984436627225,3.0432000000000072,TP,0.08,0.0767999999999999,SHORT,16_ranging_short_6Hutc,trending,downtrend
0,8,20,5,4,7,SUIUSDT,2026-02-03 18:00:00,1.0975,2026-02-04 12:00:00,1.0536,72.89293849658314,3.043200000000004,TP,0.08,0.0767999999999999,SHORT,16_ranging_short_6Hutc,trending,downtrend
0,8,20,5,4,7,SEIUSDT,2026-02-03 18:00:00,0.08494,2026-02-05 00:00:00,0.0815424,941.8412997409936,3.0432,TP,0.08,0.0768,SHORT,16_ranging_short_6Hutc,trending,downtrend
0,8,20,5,4,7,AAVEUSDT,2026-02-03 18:00:00,123.07,2026-02-05 06:00:00,118.14719999999998,0.6500365645567564,3.0432000000000063,TP,0.08,0.0768,SHORT,16_ranging_short_6Hutc,trending,downtrend
0,8,20,5,4,7,ADAUSDT,2026-02-03 18:00:00,0.2871,2026-02-05 06:00:00,0.275616,278.64855451062346,3.043199999999998,TP,0.08,0.0768,SHORT,16_ranging_short_6Hutc,trending,downtrend
0,8,20,5,4,7,APTUSDT,2026-02-03 18:00:00,1.2239,2026-02-05 06:00:00,1.174944,65.36481738704143,3.0432,TP,0.08,0.0768,SHORT,16_ranging_short_6Hutc,trending,downtrend
0,8,20,5,4,7,AVAXUSDT,2026-02-03 18:00:00,9.741,2026-02-05 06:00:00,9.35136,8.212709167436609,3.0432,TP,0.08,0.0768,SHORT,16_ranging_short_6Hutc,trending,downtrend
0,8,20,5,4,7,DOGEUSDT,2026-02-03 18:00:00,0.10419,2026-02-05 06:00:00,0.1000224,767.828006526538,3.043200000000005,TP,0.08,0.0768,SHORT,16_ranging_short_6Hutc,trending,downtrend
0,8,20,5,4,7,HBARUSDT,2026-02-03 18:00:00,0.08844,2026-02-05 06:00:00,0.0849024,904.5680687471732,3.043200000000001,TP,0.08,0.0768,SHORT,16_ranging_short_6Hutc,trending,downtrend
0,8,20,5,4,7,LTCUSDT,2026-02-03 18:00:00,58.12,2026-02-05 06:00:00,55.7952,1.3764624913971095,3.043200000000005,TP,0.08,0.0768,SHORT,16_ranging_short_6Hutc,trending,downtrend
0,8,20,5,4,7,BCHUSDT,2026-02-03 18:00:00,518.93,2026-02-05 12:00:00,498.1728,0.1541633746362708,3.043200000000002,TP,0.08,0.0768,SHORT,16_ranging_short_6Hutc,trending,downtrend
0,8,20,5,4,7,HYPEUSDT,2026-02-06 12:00:00,33.907,2026-02-06 12:00:00,32.55072,2.359394815229894,3.043199999999996,TP,0.08,0.0768,SHORT,16_ranging_short_6Hutc,trending,downtrend
