timestamp,open,high,low,close,volume_base,volume_quote
2025-08-27,307.89,312.09,306.33,308.52,531.52,164075.4922
2025-08-28,308.52,314.29,306.41,307.55,78.3,24310.3742
2025-08-29,307.55,309.11,303.28,303.54,84.58,25754.3908
2025-08-30,303.54,305.59,303.54,304.07,0.82,249.8634
2025-08-31,304.07,304.07,304.07,304.07,0.82,249.8634
2025-09-01,304.07,304.07,304.07,304.07,0.82,249.8634
2025-09-02,304.07,307.47,298.02,305.8,96.2,29307.8662
2025-09-03,305.8,306.57,301.81,301.81,61.0,18534.5168
2025-09-04,301.81,308.61,300.68,306.7,45.06,13726.8622
2025-09-05,306.7,312.87,294.6,298.78,67.64,20329.8792
2025-09-06,298.78,298.78,297.47,298.78,1.26,375.9388
2025-09-07,298.78,298.78,298.78,298.78,1.26,375.9388
2025-09-08,298.78,306.35,298.78,303.42,65.98,19886.9354
2025-09-09,303.42,318.75,301.4,316.33,191.86,60010.4044
2025-09-10,316.33,325.56,315.07,317.02,197.84,63293.6744
2025-09-11,317.02,322.78,316.8,321.0,50.9,16209.0068
2025-09-12,321.0,328.32,319.31,323.66,81.08,26434.339
2025-09-13,323.66,323.89,323.66,323.89,0.16,51.8224
2025-09-14,323.89,323.89,323.89,323.89,0.16,51.8224
2025-09-15,323.89,328.15,320.62,327.65,840.36,271634.2876
2025-09-16,327.65,334.74,323.83,328.01,269.78,88059.049
2025-09-17,328.01,328.01,312.97,320.99,130.1,41647.1386
2025-09-18,320.99,350.96,320.99,341.64,539.6,184720.6966
2025-09-19,341.64,348.28,337.33,343.32,664.56,229208.5664
2025-09-20,343.32,343.39,342.95,342.95,34.74,11927.3448
2025-09-21,342.95,342.95,342.95,342.95,34.74,11927.3448
2025-09-22,342.95,342.95,328.28,332.22,469.72,155973.767
2025-09-23,332.22,335.43,318.01,319.84,527.5,173907.225
2025-09-24,319.84,325.72,319.45,323.08,483.86,156214.2442
2025-09-25,323.08,323.08,304.75,306.46,604.68,189235.8748
2025-09-26,306.46,313.19,303.59,311.89,231.8,71336.6168
2025-09-27,311.89,311.89,311.89,311.89,231.8,71336.6168
2025-09-28,311.89,311.89,311.89,311.89,231.8,71336.6168
2025-09-29,311.89,333.83,311.89,333.11,1213.24,393231.8774
2025-09-30,333.11,337.29,327.93,334.86,335.86,111811.8214
2025-10-01,334.86,349.54,333.96,345.54,220.46,75607.2792
2025-10-02,345.54,375.23,345.54,371.77,1547.5,560095.4362
2025-10-03,371.77,383.0,369.56,379.01,1150.22,431975.1566
2025-10-04,379.01,379.01,379.01,379.01,1150.22,431975.1566
2025-10-05,379.01,379.01,379.01,379.01,1150.22,431975.1566
2025-10-06,379.01,390.74,379.01,384.91,691.92,267448.6296
2025-10-07,384.91,386.03,363.65,375.67,3789.84,1417942.889
2025-10-08,375.67,389.75,372.07,386.5,923.32,352218.0286
2025-10-09,386.5,391.89,379.87,385.85,2173.98,839096.2686
2025-10-10,385.85,401.41,336.07,348.67,9997.2,3731620.808
2025-10-11,348.67,348.67,348.67,348.67,9997.2,3731620.808
2025-10-12,348.67,348.67,348.67,348.67,9997.2,3731620.808
2025-10-13,348.67,369.2,344.89,356.68,6812.22,2420046.2852
2025-10-14,356.68,359.51,336.68,343.43,2851.94,986197.3592
2025-10-15,343.43,348.6,333.66,337.24,1264.06,433150.441
2025-10-16,337.24,341.8,327.7,328.49,7356.9,2475673.868
2025-10-17,328.49,337.75,314.37,337.67,8374.935,2732541.3572
2025-10-18,337.67,337.67,337.67,337.67,8374.935,2732541.3572
2025-10-19,337.67,337.67,337.67,337.67,8374.935,2732541.3572
2025-10-20,337.67,352.6,337.67,345.04,1102.81,383098.7775
2025-10-21,345.04,345.04,333.85,333.85,892.26,303673.1204
2025-10-22,333.85,334.48,311.0,318.22,4284.7,1372016.9718
2025-10-23,318.22,327.75,318.22,324.27,2571.43,830317.9559
2025-10-24,324.27,355.4,323.84,354.48,6097.93,2037625.497
2025-10-25,354.48,354.48,354.48,354.48,6097.93,2037625.497
2025-10-26,354.48,354.48,354.48,354.48,6097.93,2037625.497
2025-10-27,354.48,372.19,354.48,359.75,2840.7,1035117.6847
2025-10-28,359.75,366.67,352.57,356.09,1100.91,396970.9305
2025-10-29,356.09,358.72,346.67,346.67,1582.25,556919.2401
2025-10-30,346.67,351.22,326.67,339.86,4573.39,1546075.483
2025-10-31,339.86,360.54,336.73,344.46,5251.31,1834681.6961
2025-11-01,344.46,345.33,344.46,344.7,97.82,33755.6297
2025-11-02,344.7,344.7,344.7,344.7,97.82,33755.6297
2025-11-03,344.7,346.92,326.67,329.41,3528.91,1189590.7889
2025-11-04,329.41,333.5,304.72,309.4,5558.61,1784648.8183
2025-11-05,309.4,323.7,301.31,318.79,4387.41,1373673.1971
2025-11-06,318.79,319.68,293.32,296.87,6592.5,2019920.1823
2025-11-07,296.87,310.72,284.96,309.62,38610.52,11563825.451
2025-11-08,309.62,309.68,308.68,309.32,62.4,19294.3268
2025-11-09,309.32,309.32,309.32,309.32,62.4,19294.3268
2025-11-10,309.32,324.03,308.88,318.66,8984.47,2864992.6314
2025-11-11,318.66,322.6,303.97,305.14,18425.76,5798715.7566
2025-11-12,305.14,313.33,301.74,304.05,32942.16,10103417.7055
2025-11-13,304.05,310.0,280.89,286.62,25792.94,7850134.2326
2025-11-14,286.62,292.39,266.37,283.7,62803.27,17632000.0869
2025-11-15,283.7,285.18,283.49,285.04,540.04,153400.2931
2025-11-16,285.04,285.04,285.04,285.04,540.04,153400.2931
2025-11-17,285.04,287.87,258.7,263.39,11964.72,3232755.2323
2025-11-18,263.39,270.1,255.09,261.51,45189.73,11874135.9374
2025-11-19,261.51,263.81,247.45,262.3,63926.18,16478491.2173
2025-11-20,262.3,267.55,236.68,237.71,152856.09,37644658.9092
2025-11-21,237.71,245.53,230.66,242.38,110967.5,26494667.6743
2025-11-22,242.38,243.08,242.03,242.83,403.08,97848.3308
2025-11-23,242.83,242.83,242.83,242.83,403.08,97848.3308
2025-11-24,242.83,257.7,242.83,255.54,34246.85,8587231.499
2025-11-25,255.54,255.82,241.05,254.59,54951.31,13634165.1214
2025-11-26,254.59,268.09,251.55,267.85,38764.82,9996089.2578
2025-11-27,267.85,268.85,267.56,268.85,409.18,109598.3871
2025-11-28,268.85,279.29,268.85,272.92,26505.11,7209394.8474
2025-11-29,272.92,272.92,272.92,272.92,26505.11,7209394.8474
2025-11-30,272.92,272.92,272.92,272.92,26505.11,7209394.8474
2025-12-01,272.92,272.92,252.4,261.2,17546.24,4565043.3022
2025-12-02,261.2,272.38,260.76,264.65,22933.68,6131202.2246
2025-12-03,264.65,278.17,264.0,277.88,47228.44,12833366.6178
2025-12-04,277.88,279.82,271.25,273.34,99051.45,27322988.4679
2025-12-05,273.34,275.57,265.28,270.4,41106.24,11098852.3806
2025-12-06,270.4,270.4,269.59,269.85,1797.82,485141.4944
2025-12-07,269.85,269.85,269.85,269.85,1797.82,485141.4944
2025-12-08,269.85,276.54,269.56,274.24,106726.67,29221128.7109
2025-12-09,274.24,284.76,267.19,277.31,73745.25,20472214.8626
2025-12-10,277.31,279.17,271.17,273.09,73197.06,20068415.6878
2025-12-11,273.09,273.32,261.06,269.74,29342.4,7825750.2879
2025-12-12,269.74,277.67,263.19,267.52,16991.33,4603374.1822
2025-12-13,267.52,267.56,266.64,267.29,20.03,5351.9755
2025-12-14,267.29,267.29,267.29,267.29,20.03,5351.9755
2025-12-15,267.29,269.1,246.98,250.03,35384.99,9123435.0864
2025-12-16,250.03,257.0,246.09,252.96,18690.22,4741750.2379
2025-12-17,252.96,259.33,243.65,247.72,25257.43,6405443.8446
2025-12-18,247.72,255.46,239.19,240.97,26139.42,6502137.1351
2025-12-19,240.97,247.5,240.54,246.27,14904.42,3647083.5585
2025-12-20,246.27,246.4,245.84,245.84,9.6,2361.7291
2025-12-21,245.84,245.84,245.84,245.84,9.6,2361.7291
2025-12-22,245.84,254.53,245.84,248.3,24061.46,6041106.6849
2025-12-23,248.3,248.9,238.92,241.17,19355.41,4710709.1674
2025-12-24,241.17,242.23,237.54,239.89,7524.18,1802012.6675
2025-12-25,239.89,239.89,239.89,239.89,7524.18,1802012.6675
2025-12-26,239.89,241.97,233.25,236.5,4186.35,994632.2504
2025-12-27,236.5,236.5,235.87,235.87,24.57,5800.4691
2025-12-28,235.87,235.87,235.87,235.87,24.57,5800.4691
2025-12-29,235.87,240.42,233.01,233.22,8231.34,1951618.8884
2025-12-30,233.22,236.14,231.09,231.56,3719.81,867952.3572
2025-12-31,231.56,232.66,225.77,226.12,4255.68,978130.5288
2026-01-01,226.12,226.41,225.67,225.72,35.04,7921.0519
2026-01-02,225.72,238.51,225.72,238.01,10182.33,2355097.4779
2026-01-03,238.01,238.31,237.47,237.84,34.18,8130.396
2026-01-04,237.84,237.84,237.84,237.84,34.18,8130.396
2026-01-05,237.84,259.34,237.8,255.36,21155.25,5332442.4439
2026-01-06,255.36,258.14,246.06,253.46,10880.23,2764114.7542
2026-01-07,253.46,253.57,240.72,246.41,9138.88,2240314.0365
2026-01-08,246.41,250.43,241.88,246.92,16784.97,4141745.7733
2026-01-09,246.92,248.48,237.57,241.74,5147.97,1245596.4268
2026-01-10,241.74,241.81,241.11,241.25,22.01,5313.8051
2026-01-11,241.25,241.25,241.25,241.25,22.01,5313.8051
2026-01-12,241.25,247.55,238.75,243.01,18547.91,4502483.5542
2026-01-13,243.01,256.75,242.14,256.01,21503.88,5385465.5476
2026-01-14,256.01,262.83,250.3,251.02,21183.81,5455309.3363
2026-01-15,251.02,254.0,237.79,241.18,23678.7,5827506.8532
2026-01-16,241.18,243.37,236.72,241.36,11205.06,2690278.0943
2026-01-17,241.36,241.63,240.99,241.48,119.6,28870.3301
2026-01-18,241.48,241.48,241.48,241.48,119.6,28870.3301
2026-01-19,241.48,241.65,240.92,241.46,393.88,94958.6729
2026-01-20,241.46,241.46,226.55,226.67,23299.01,5386750.7806
2026-01-21,226.67,231.78,222.85,227.29,29535.56,6743360.0144
2026-01-22,227.29,230.86,223.4,224.23,17197.58,3915926.4726
2026-01-23,224.23,225.3,216.32,216.87,10730.07,2354072.4544
2026-01-24,216.87,216.95,216.66,216.79,57.67,12504.8463
2026-01-25,216.79,216.79,216.79,216.79,57.67,12504.8463
2026-01-26,216.79,216.79,211.26,215.03,14391.65,3076858.8304
2026-01-27,215.03,217.5,208.31,211.72,13493.46,2851669.1018
2026-01-28,211.72,214.74,207.75,209.34,26994.63,5687882.712
2026-01-29,209.34,209.43,194.75,199.9,26443.31,5262656.2003
2026-01-30,199.9,199.9,191.39,194.96,14746.23,2890706.6406
2026-01-31,194.96,194.99,194.8,194.85,2.41,469.766
2026-02-01,194.85,194.85,194.85,194.85,2.41,469.766
2026-02-02,194.85,194.85,184.0,189.2,43036.46,8144211.446
2026-02-03,189.2,190.71,175.4,180.63,65449.64,11969601.9116
2026-02-04,180.63,182.0,165.13,168.47,101818.3,18111648.9271
2026-02-05,168.47,168.47,144.52,145.49,43700.18,6828796.5154
2026-02-06,145.49,168.4,142.34,166.47,102536.84,15765447.9464
2026-02-07,166.47,169.31,162.32,165.81,10818.27,1791787.3825
2026-02-08,165.81,170.74,165.09,166.77,6045.81,1013872.3193
2026-02-09,166.77,168.56,159.5,167.57,16818.03,2765374.6845
2026-02-10,167.57,168.15,159.03,161.35,7221.86,1191586.1066
2026-02-11,161.35,162.7,149.64,153.27,13434.61,2097801.794
2026-02-12,153.27,154.5,134.9,142.79,45732.53,6580364.6448
2026-02-13,142.79,167.8,142.14,165.03,45767.8,7288921.6552
2026-02-14,165.03,167.62,164.78,166.51,3331.29,553910.0209
2026-02-15,166.51,166.84,163.96,166.05,3094.41,513385.0711
2026-02-16,166.05,166.86,163.18,165.44,9620.38,1585311.5745
2026-02-17,165.44,170.54,158.65,166.1,31987.79,5275734.3847
2026-02-18,166.1,173.9,163.41,164.94,14882.21,2502347.1845
2026-02-19,164.94,167.59,161.33,165.92,11667.21,1914355.1371
2026-02-20,165.92,175.41,164.23,171.62,18370.36,3115274.1516
2026-02-21,171.62,171.98,170.77,171.28,2006.52,344279.9446
2026-02-22,171.28,171.52,170.16,170.75,2859.27,488630.724
2026-02-23,170.75,170.98,158.93,160.75,21560.8,3571431.045
2026-02-24,160.75,162.7,153.07,161.73,28532.31,4482596.3679
2026-02-25,161.73,185.48,161.58,181.11,21322.29,3744647.4906
2026-02-26,181.11,186.23,176.8,179.86,39950.75,7273212.3603
2026-02-27,179.86,182.81,171.81,175.61,53407.36,9401820.4905
2026-02-28,175.61,177.53,169.43,176.51,13130.43,2282395.1062
2026-03-01,176.51,178.35,174.94,176.11,7667.02,1353716.7626
2026-03-02,176.11,186.49,169.91,184.87,29086.14,5187260.3209
2026-03-03,184.87,186.32,172.38,183.22,62641.22,11227269.3128
2026-03-04,183.22,212.14,179.98,207.89,68124.97,13738998.6925
2026-03-05,207.89,214.51,201.74,205.51,38906.63,8077839.6457
2026-03-06,205.51,208.0,194.88,196.47,47419.76,9451703.1413
2026-03-07,196.47,196.73,195.09,195.58,3393.54,664411.4611
2026-03-08,195.58,196.83,190.53,190.93,7464.84,1447516.5191
2026-03-09,190.93,203.56,187.93,198.22,46922.18,9221986.9466
2026-03-10,198.22,208.13,194.93,196.48,135894.79,27061381.642
2026-03-11,196.48,202.95,192.58,196.0,117161.51,23049920.3433
2026-03-12,196.0,198.01,192.57,192.86,37881.71,7397415.6165
2026-03-13,192.86,206.94,192.58,194.82,112941.04,22464286.7583
2026-03-14,194.82,195.43,193.85,195.31,4081.92,794749.6738
2026-03-15,195.31,200.31,194.98,199.22,8377.49,1654316.1076
2026-03-16,199.22,206.2,198.09,205.25,47154.74,9557188.4193
2026-03-17,205.25,213.61,202.22,209.97,30839.54,6393779.856
2026-03-18,209.97,215.83,201.19,202.55,125136.55,25777507.9742
2026-03-19,202.55,205.59,192.12,203.11,174415.15,34629330.0716
2026-03-20,203.11,205.37,194.91,198.97,129342.44,25825871.2277
2026-03-21,198.97,199.57,196.38,197.06,4833.8,958629.9418
2026-03-22,197.06,197.87,192.03,192.74,12452.12,2429443.9331
2026-03-23,192.74,204.06,189.71,200.89,181943.6,36210425.6445
2026-03-24,200.89,202.93,177.73,183.6,213480.41,40326370.0511
2026-03-25,183.6,190.82,180.32,180.84,69819.72,12917556.0247
2026-03-26,180.84,182.08,172.24,173.7,132731.0,23474233.0008
2026-03-27,173.7,174.93,160.0,160.87,169142.05,28006951.2413
2026-03-28,160.87,161.8,160.27,160.68,7614.2,1226647.8893
2026-03-29,160.68,161.6,157.55,160.05,14722.55,2355970.1121
2026-03-30,160.05,166.54,157.94,160.39,241125.47,39163014.2837
2026-03-31,160.39,176.56,160.1,176.08,464716.89,77880550.1083
2026-04-01,176.08,179.46,171.96,173.0,203517.71,35762442.0329
2026-04-02,173.0,174.83,163.82,171.65,130911.1,22162486.0559
2026-04-03,171.65,172.49,171.06,171.73,7604.22,1305013.7142
2026-04-04,171.73,172.09,171.27,171.68,2219.02,381090.2552
2026-04-05,171.68,176.06,170.9,175.94,7157.46,1237906.1787
2026-04-06,175.94,179.26,172.71,173.66,110574.27,19468595.3935
2026-04-07,173.66,185.67,166.15,184.05,116921.44,20094879.4733
2026-04-08,184.05,189.16,173.03,174.07,103930.93,18865370.2805
2026-04-09,174.07,177.02,166.42,168.99,116570.62,20028324.389
2026-04-10,168.99,171.4,163.26,168.0,93599.41,15635527.7287
2026-04-11,168.0,169.21,167.21,168.01,9221.28,1550735.4314
2026-04-12,168.01,168.23,163.05,163.58,18067.86,2992315.373
2026-04-13,163.58,177.71,161.71,176.73,76484.55,12930133.9833
